SET FOREIGN_KEY_CHECKS=0;

INSERT INTO `articles` (`id`, `pubDate`, `status`, `pub`) VALUES
(1, '2014-06-09 06:00:00', 2, 1),
(2, '2014-06-09 06:00:00', 2, 0),
(3, '2014-06-10 06:00:00', 2, 1),
(4, '2014-07-21 06:00:00', 2, 1),
(5, '2014-11-19 07:00:00', 2, 0),
(6, '2014-12-02 07:00:00', 2, 0),
(7, '2015-03-01 07:00:00', 1, 0);

INSERT INTO `articles_tr` (`id`, `articlesid`, `languageid`, `title`, `description`, `link`, `enclosureUrl`) VALUES
(1, 1, 0, 'В Кубинке начнут строительство Патриот парка (Видео)', 'В Кубинке появится свой Парк культуры — военно-патриотический. Его посетители смогут пострелять из боевого оружия, прыгнуть с парашютом и освоить военную технику. Памятный камень на месте будущего парка заложил министр обороны Сергей Шойгу.', 'http://park-patriot.ru/', 'http://park-patriot.ru/wp-content/uploads/2014/06/min3.jpg'),
(2, 2, 0, 'Церемония заложения первого камня парка Патриот', 'Министр обороны России и губернатор Московской области дали старт строительству крупнейшего в мире центра военно-патриотического воспитания молодежи\nВ понедельник утром Сергей Шойгу и Андрей Воробьев встретились на опушке Кубинского леса, — это на 58-ом километре Минского шоссе. Под Государственный Гимн России синхронно перерезали ножницами красную ленту. Солдаты роты почетного караула сняли драпировочную ткань с закладного камня, — табличка на нем гласила, что здесь будет создан военно-патриотический парк культуры и отдыха Вооруженных Сил Российской Федерации «Патриот».\n\nИсполнение государственного гимна на церемонии.\n— Свое название «Патриот» парк получил не случайно, — сказал Сергей Шойгу. — Здесь все будет пронизано патриотизмом. Мы соберем на территории парка музей авиации, музей бронетанковой техники, музей артиллерии, спортивные сооружения, спортивные тренажеры, исторические выставки, экспозиции образцов вооружений и техники. Мы сделаем проект, который будет позволять молодежи не только смотреть на экспонаты, но и поездить, полетать на военной технике, пострелять из боевого оружия, прыгнуть с парашютом.\nМинистр отметил также, что реализация этого проекта, будет способствовать воспитанию патриотизма и гражданственности, формированию гордости за Вооруженные Силы и страну в целом, позволит развивать положительную мотивацию к военной службе и, как следствие, увеличить призывной контингент, и повысить его качество.\n\nСнимок на память после заложения первого камня.\n— Правительство Московской области крайне заинтересованно, чтобы у нас в Подмосковье было больше полезных и содержательных мест, — отметил в своем выступлении Андрей Воробьев.- Отрадно, что это важное место будет связано с Вооруженными силами России,что его станет посещать огромное количество школьников, ребят, которые мечтают о чести, доблести, о защите нашей Родины. Мы признательны и благодарны Министерству обороны за партнерство, сотрудничество в поиске новых идей, и за реализацию самых смелых планов.\n\nТТХ ПАРКА «ПАТРИОТ»\n\nОткрытие парка «Патриот» запланировано на 1 января 2017 года\nОбщая площадь 5414 гектара\nВоенная часть — 3530 гектаров\nГражданская часть — 1884 гектара\nМаксимальная (планируемая) посещаемость — 20 тысяч человек в день\nНовые рабочие места для военнослужащих запаса — 1930', 'http://park-patriot.ru/23/', 'http://park-patriot.ru/wp-content/uploads/2014/06/min4.jpg'),
(3, 3, 0, 'Сергей Шойгу и Андрей Воробьёв заложили парк «Патриот»', 'Сергей Шойгу и Андрей Воробьёв заложили парк «Патриот»', 'http://park-patriot.ru/', 'http://park-patriot.ru/wp-content/uploads/2014/06/min2.jpg'),
(4, 4, 0, 'Первая информация по планированию Парка Патриот', 'Бесплатно прыгнуть с парашютом, пострелять из крупнокалиберного пулемета, поездить на боевой технике или попасть на пост управления армией и флотом со следующего года сможет каждый посетитель нового военно-патриотического парка Вооруженных сил России «Патриот». Камень в его основание в подмосковной Кубинке сегодня заложил министр обороны Сергей Шойгу.\nПарк Патриот в Кубинке — уникальный объект для России. Парк размером более 4 тысяч гектаров, на которых разместятся гражданские и военные объекты: действующая военная инфраструктура, вооружения, военная и специальная техники в сочетании с интерактивными композициями, музейными экспонатами, деловыми, выставочными, культурно-развлекательными и гостиничными комплексами.\nСтруктурно парк «Патриот» объединит в себе несколько тематических зон. На территории культурно-развлекательного делового центра, предназначенного для проведения деловых встреч, международных мероприятий, концертов, предусмотрено строительство гостинично-делового комплекса, телецентра, экспоцентра, детского парка и океанариума.\nПарк призван стать площадкой для демонстрации возможностей вооружения и военной техники, проведения показательных выступлений подразделений Вооруженных сил. На территории «Патриота» будут проводиться различные музыкальные и творческие фестивали, военно-исторические реконструкции битв. Там же планируется создание музеев авиационной, бронетанковой и военно-морской техники.', 'http://park-patriot.ru/pervaya_informaciya_parka_patriot/', 'http://park-patriot.ru/wp-content/uploads/2014/07/min.jpg'),
(5, 5, 0, '«Армия-2015» пройдет в парке «Патриот» (Кубинка)', 'Российское оборонное ведомство планирует 16-19 июня 2015г. провести в Подмосковье\nмеждународный оружейный форум «Армия-2015»\nУчастники мероприятия представят образцы вооружений и военной техники в выставочном центре парка «Патриот» (Кубинка).\n\n«В период с 16 по 19 июня 2015 г. на базе конгрессно-выставочного центра Военно-патриотического парка культуры и отдыха Вооруженных Сил Российской Федерации «Патриот» (г. Кубинка, Московской области) спланировано проведение Международного военно-технического форума «АРМИЯ-2015», организатором которого выступает Министерство обороны Российской Федерации.\n\nВ год празднования 70-й годовщины Победы в Великой Отечественной войне форум станет важнейшим государственным событием.\n\nЦелью форума является объединение в рамках одного мероприятия производителей и потребителей продукции и услуг, создание условий для эффективного поиска инновационных технологий и разработок в интересах обороноспособности и боеготовности государства.» — Заместитель министра обороны Российской Федерации Генерал-полковник Попов П.А.', 'http://park-patriot.ru/armiya_2015_v_parke_patriot_kubinka/', 'http://park-patriot.ru/wp-content/uploads/2014/11/ar.jpg'),
(6, 6, 0, 'На форуме «Армия-2015» состоится масштабное авиашоу', 'Масштабное авиашоу и статический показ новых самолетов и вертолетов ожидают участников и посетителей форума «Армия-2015″, который пройдет в Подмосковье с 16 по 19 июня. Об этом журналистам сообщил главнокомандующий Военно-воздушными силами РФ генерал-полковник Виктор Бондарев.\n«Армия-2015″ будет проводиться на территории подмосковной Кубинки и парка «Патриот». Мы покажем передовые самолеты и вертолеты, которые стоят у нас на вооружении», — сказал он.\nПо словам главкома, на данный момент есть решение об участии в мероприятии трех авиационных групп высшего пилотажа. «Может быть, если успеют подготовиться, будут участвовать и пилоты новой группы на Як-130 «Крылья Тавриды», — добавил Бондарев.\nВ авиа шоу примут участие воздушные асы из группы «Русские Витязи» на Су-27, «Стрижи» на МиГ-29 и единственная в России пилотажная группа на вертолетах Ми-28Н «Беркуты».\nПрофессионалов и любителей авиации также ждут масштабные соревнования «Авиадартс-2015″. Главком напомнил, что в этом году помимо российских пилотов в состязаниях примут участие летчики из Белоруссии, Казахстана, Китая, Индии и других стран.', 'http://park-patriot.ru/aviashou_v_kubinke/', 'http://park-patriot.ru/wp-content/uploads/2015/02/mini.jpg'),
(7, 1, 1, 'Kubinka begin construction of Patriot Park (Video)', 'In Kubinka will be a Cultural Park - military-patriotic. Its visitors can shoot a combat weapon, a parachute jump and master military equipment. A memorial stone at the site of the future Park laid Defense Minister Sergei Shoigu.', 'http://park-patriot.ru/', 'http://park-patriot.ru/wp-content/uploads/2014/06/min3.jpg'),
(8, 2, 1, 'The ceremony of laying the first stone of the park Patriot', 'Russia''s defense minister and the governor of the Moscow region have launched the construction of the world''s largest center of military-patriotic education of youth \nThe Monday morning Sergei Shoigu and Andrei Vorobyov met at the edge of the Cuban forests - it is on the 58th kilometer of the Minsk highway. Under the National Anthem of Russia simultaneously cut the red ribbon with scissors. Soldiers honor guard removed upholstery fabric with a foundation stone - label on it says that there will be created a military-patriotic recreation park of the Armed Forces Federation "Patriot». \n \nIspolnenie the national anthem at the ceremony. \n- The name "Patriot" Park was no accident - said Sergey Shoigu. - Here everything is permeated with patriotism. We will gather in the Park Aviation Museum, a museum of armored vehicles , Museum of Artillery, sports facilities, fitness equipment, historical exhibitions, expositions of weapons and equipment. We will do a project that will allow young people not only to look at the exhibits, but also a bit of traveling, flying on military equipment, shooting from combat weapon, a parachute jump. NMinistr also noted that this project will contribute to the education of patriotism and citizenship, the formation pride in the Armed Forces and the country as a whole, will help develop a positive motivation for military service and, as a consequence, increase the draftees, and improve its quality. \n \nSnimok memory after the laying of the first stone. \n- Moscow Region Government is very interested, that we have in the suburbs were more useful and meaningful places - said in his speech Andrei Vorobev.- gratifying that this is an important place to be connected with the Armed Forces of Russia, that his visit will be a huge number of pupils, boys who dream of honor, valor about protecting our homeland. We appreciate and are grateful to the Ministry of Defence for the partnership and cooperation in the search for new ideas and for the implementation of the most ambitious plans. N \nTTH PARK "PATRIOT» \n \nOtkrytie park "Patriot" is scheduled for January 1, 2017 \nthe area of ​​5414 hectares \nVoennaya part - 3530 hectares \nGrazhdanskaya part - 1884 ha \nThe maximum (planned) attendance - 20 thousand people a day \nThe new jobs for reservists - 1930', 'http://park-patriot.ru/23/', 'http://park-patriot.ru/wp-content/uploads/2014/06/min4.jpg'),
(9, 3, 1, 'Sergei Shoigu and Andrei Vorobyov laid the park "Patriot"', 'Sergei Shoigu and Andrei Vorobyov laid the park "Patriot"', 'http://park-patriot.ru/', 'http://park-patriot.ru/wp-content/uploads/2014/06/min2.jpg'),
(10, 4, 1, 'The first information on planning Patriot Park', 'free parachute jump, shoot a heavy machine gun, ride on military equipment or get the post of managing the Army and Navy next year will be able to every visitor of the new military-patriotic park Armed Forces Russia "Patriot." The stone in its base in the Moscow suburb Kubinka today laid the Defense Minister Sergei Shoigu. \nPark Patriot Kubinka - a unique facility for Russia. The park is larger than 4 thousand hectares, which will house civilian and military targets: the current military infrastructure, arms , military and special equipment in conjunction with interactive songs, museum exhibits, business, exhibition, cultural, entertainment and hotel complex. \nStrukturno park "Patriot" will combine several thematic areas. On the territory of cultural and entertainment business center designed for business meetings, international events, concerts, envisages the construction of hotel and business center, the television station, the venue, the children''s park and oceanarium. \nPark aims to become a platform to demonstrate the capabilities of weapons and military equipment, demonstrations of units of the Armed Forces. In the "Patriot" will be held a variety of music and art festivals, military-historical reconstruction of the battle. There''s also planned to create a museum of aircraft, armored vehicles and naval equipment.', 'http://park-patriot.ru/pervaya_informaciya_parka_patriot/', 'http://park-patriot.ru/wp-content/uploads/2014/07/min.jpg'),
(11, 5, 1, '"Army-2015" will be held in the park "Patriot" (Kubinka)', 'The Russian Defense Ministry plans 16-19 June 2015. To be held in Moscow \nmezhdunarodny Arms Forum "Army 2015" \nUchastniki event will present samples weapons and military equipment in the exhibition center park "Patriot" (Kubinka). \n \n «In the period from 16 to 19 June 2015 on the basis of convention and exhibition center of military-patriotic recreation park of the Armed Forces of the Russian Federation" Patriot " (Kubinka, Moscow Region) planned the International Military-Technical Forum "ARMY-2015", organized by the Ministry of Defence of the Russian Federation. \n \nIn the year marking the 70th anniversary of Victory in the Great Patriotic War of the forum will be an important public event. \n \nTselyu forum is to bring together in a single event producers and consumers of goods and services, creating conditions for effective search of innovative technologies and developments in the interests of defense capability and readiness of the state. "- Deputy Minister of Defence of the Russian Federation Colonel-General Popov PA', 'http://park-patriot.ru/armiya_2015_v_parke_patriot_kubinka/', 'http://park-patriot.ru/wp-content/uploads/2014/11/ar.jpg'),
(12, 6, 1, 'At "Army-2015" will take place on a large-scale air show', 'Large-scale air show and static display of new aircraft and helicopters expect participants and visitors to the forum "Army-2015", which will be held in Moscow from 16 to 19 June. On told reporters in-Chief of the Air Force Colonel-General Viktor Bondarev. \n «Army-2015" will be held on the territory of the Moscow region Cuban women and park "Patriot". We will show advanced airplanes and helicopters that are in our arsenal, "- he said. \nFor the words of the Commander in Chief, at the moment there is a decision to participate in this event three aerobatic team. "Maybe if you have time to prepare, will participate and the pilots of the new group on the Yak-130" Wings Tauris "- said Bondarev. \nThe air show will be attended by air aces of the group "Russian Knights" on the Su-27, "Swifts" on the MiG-29 and the only Russian aerobatic team on the Mi-28N "Berkut". \nProfessionalov and aviation enthusiasts are also waiting for large-scale events "Aviadarts-2015." Commander in chief said that this year in addition to Russian pilots in the competition will be attended by pilots from Belarus, Kazakhstan, China, India and other countries.', 'http://park-patriot.ru/aviashou_v_kubinke/', 'http://park-patriot.ru/wp-content/uploads/2015/02/mini.jpg'),
(15, 7, 0, 'Условия участия', '<p>Построение&nbsp;экспозиции Международного форума &quot;АРМИЯ-2015&quot;&nbsp;осуществляется<strong>&nbsp;</strong>по принципу территориального сегментирования по тематическим разделам&nbsp;с учетом структуры Вооруженных Сил Российской Федерации и Минобороны России.&nbsp;<br />\r\n<br />\r\nКаждый орган военного управления будет представлен отдельным стендом, вокруг которого формируется экспозиция предприятий промышленности и организаций по тематике этого органа военного управления.<br />\r\n<br />\r\nПри заполнении заявки на участие необходимо указывать размер заказываемой выставочной площади в тематике Форума, соответствующей типу&nbsp;представляемой вами продукции (услугам).</p>\r\n\r\n<p>Для консультаций по оформлению договора на участие, пожалуйста, обращайтесь к сотрудникам&nbsp;Дирекции форума.</p>\r\n', '/articles/view?id=8', ''),
(16, 7, 1, 'Условия участия', '<p>Построение&nbsp;экспозиции Международного форума &quot;АРМИЯ-2015&quot;&nbsp;осуществляется<strong>&nbsp;</strong>по принципу территориального сегментирования по тематическим разделам&nbsp;с учетом структуры Вооруженных Сил Российской Федерации и Минобороны России.&nbsp;<br />\r\n<br />\r\nКаждый орган военного управления будет представлен отдельным стендом, вокруг которого формируется экспозиция предприятий промышленности и организаций по тематике этого органа военного управления.<br />\r\n<br />\r\nПри заполнении заявки на участие необходимо указывать размер заказываемой выставочной площади в тематике Форума, соответствующей типу&nbsp;представляемой вами продукции (услугам).</p>\r\n\r\n<p>Для консультаций по оформлению договора на участие, пожалуйста, обращайтесь к сотрудникам&nbsp;Дирекции форума.</p>\r\n', '/en/articles/view?id=8', '');

INSERT INTO `content` (`id`, `status`, `template`) VALUES
(8, 2, 0),
(9, 2, 0),
(10, 2, 0),
(11, 2, 0),
(12, 2, 0),
(13, 2, 0),
(14, 2, 0),
(15, 0, 0),
(16, 0, 0),
(17, 0, 0);

INSERT INTO `content_tr` (`id`, `contentid`, `languageid`, `title`, `description`) VALUES
(3, 8, 0, 'Деловая программа', '<p><strong>Деловая программа Форума планируется в формате расширенного заседания Научно-технического совета Министерства обороны Российской Федерации.</strong></p>\r\n\r\n<p>Структура научно-деловой программы</p>\r\n\r\n<ul>\r\n	<li>Пленарное заседание</li>\r\n	<li>Заседание секций Научно-технического совета Минобороны России</li>\r\n	<li>Круглые столы и брифинги</li>\r\n	<li>Рабочие встречи</li>\r\n	<li>Подведение итогов научно-деловой программы по секциям Научно-технического совета Минобороны России</li>\r\n	<li>Итоговое пленарное заседание</li>\r\n</ul>\r\n\r\n<p>Перечень секций НТС МО РФ, проводимых в рамках Международного военно-технического форума &laquo;АРМИЯ-2015&raquo; *</p>\r\n\r\n<ol>\r\n	<li>РОССИЯ В СОВРЕМЕННОМ МИРЕ. ВЫЗОВЫ И УГРОЗЫ</li>\r\n	<li>УПРАВЛЕНИЕ ВОЙСКАМИ (СИЛАМИ) И ОРУЖИЕМ. МОДЕЛИРОВАНИЕ ВОЕННЫХ (БОЕВЫХ) ДЕЙСТВИЙ</li>\r\n	<li>ОБЕСПЕЧЕНИЕ НАЦИОНАЛЬНОЙ БЕЗОПАСНОСТИ В АРКТИКЕ</li>\r\n	<li>АКТУАЛЬНЫЕ ПРОБЛЕМЫ РАЗВИТИЯ СУХОПУТНЫХ ВОЙСК</li>\r\n	<li>АКТУАЛЬНЫЕ ПРОБЛЕМЫ РАЗВИТИЯ ВОЕННО-МОРСКОГО ФЛОТА</li>\r\n	<li>АКТУАЛЬНЫЕ ПРОБЛЕМЫ РАЗВИТИЯ ВОЕННО-ВОЗДУШНЫХ СИЛ</li>\r\n	<li>АКТУАЛЬНЫЕ ПРОБЛЕМЫ РАЗВИТИЯ ВОЙСК ВОЗДУШНО-КОСМИЧЕСКОЙ ОБОРОНЫ</li>\r\n	<li>АКТУАЛЬНЫЕ ПРОБЛЕМЫ РАЗВИТИЯ НАЗЕМНОГО СТРАТЕГИЧЕСКОГО ВООРУЖЕНИЯ</li>\r\n	<li>АКТУАЛЬНЫЕ ПРОБЛЕМЫ РАЗВИТИЯ ВОЗДУШНО-ДЕСАНТНЫХ ВОЙСК</li>\r\n	<li>АКТУАЛЬНЫЕ ПРОБЛЕМЫ РАЗВИТИЯ СИСТЕМЫ СВЯЗИ ВС РФ</li>\r\n	<li>АКТУАЛЬНЫЕ ПРОБЛЕМЫ ОБЕСПЕЧЕНИЯ БЕЗОПАСНОСТИ ВОЕННЫХ ОБЪЕКТОВ</li>\r\n	<li>ГИДРОМЕТЕОРОЛОГИЧЕСКОЕ, ТОПОГЕОДЕЗИЧЕСКОЕ И НАВИГАЦИОННОЕ ОБЕСПЕЧЕНИЕ ВОЙСК (СИЛ)</li>\r\n	<li>СРЕДСТВА И ТЕХНОЛОГИИ СВЯЗИ И ОБРАБОТКИ ИНФОРМАЦИИ</li>\r\n	<li>ИНЖЕНЕРНОЕ ОБЕСПЕЧЕНИЕ ДЕЙСТВИЙ ВОЙСК (СИЛ)</li>\r\n	<li>ВОЕННО-ТЕХНИЧЕСКОЕ ОБЕСПЕЧЕНИЕ ВОЙСК (СИЛ)</li>\r\n	<li>АКТУАЛЬНЫЕ ВОПРОСЫ МАТЕРИАЛЬНО-ТЕХНИЧЕСКОГО ОБЕСПЕЧЕНИЯ ВОЙСК (СИЛ)</li>\r\n	<li>РОБОТОТЕХНИЧЕСКИЕ КОМПЛЕКСЫ ВОЕННОГО НАЗНАЧЕНИЯ</li>\r\n	<li>АКТУАЛЬНЫЕ ПРОБЛЕМЫ ОБЕСПЕЧЕНИЯ ЖИЗНЕДЕЯТЕЛЬНОСТИ ВООРУЖЕННЫХ СИЛ</li>\r\n	<li>ВСЕСТОРОННЕЕ ОБЕСПЕЧЕНИЕ ВООРУЖЕННЫХ СИЛ</li>\r\n	<li>ВОИНСКОЕ ОБУЧЕНИЕ И ВОСПИТАНИЕ</li>\r\n</ol>\r\n'),
(4, 8, 1, 'Title', '<p>Description</p>\r\n'),
(17, 9, 0, 'Демонстрационная программа', '<p>Демонстрационная программа Международного военно-технического форума &quot;АРМИЯ-2015&quot; находится в стадии формирования и будет включать в себя мероприятия по показу образцов продукции, представленной на выставке предприятиями ОПК и Министерством обороны Российской Федерации.</p>\r\n\r\n<p>Основные составляющие демонстрационной программы:</p>\r\n\r\n<ul>\r\n	<li>Сухопутный кластер (полигон &quot;Алабино&quot;)</li>\r\n	<li>Авиационный кластер (аэродром &laquo;Кубинка&raquo;)</li>\r\n	<li>Водный кластер (гидротехнические сооружения полигона &quot;Алабино&quot;)</li>\r\n</ul>\r\n\r\n<p>В рамках демонстрационной программы Международного военно-технического форума &laquo;АРМИЯ-2015&raquo; из наличия Минобороны России планируется представить более 120 единиц современной боевой техники Сухопутных войск, Военно-воздушных сил, Войск воздушно-космической обороны, Воздушно-десантных войск и Военно-Морского Флота.<br />\r\n<br />\r\nОсновными способами демонстрации боевой техники будет являться показ ее ходовых качеств и огневых возможностей.</p>\r\n\r\n<p>Сухопутный демонстрационный кластер:</p>\r\n\r\n<p>Наиболее полно предельные динамические, меневренные характеристики и возможности автомобильной и бронетанковой техники планируется показать на специально оборудованной трассе, включающей в себя: скоростные участки, завал из труб, комбинированные уклоны, горку, стенку, трамплин, водные препятствия, ограниченные проход между столбами (&ldquo;змейку&rdquo;), противотанковый ров, колейный мост.<br />\r\n<br />\r\nОгневые возможности и вооружения и боевой техники будут продемонстрированы на танковой директрисе ведением огня на предельные дальности из всех видов вооружения танков и боевых машин различными типами боеприпасов, в том числе противотанковыми управляемыми ракетами, различными способами ( с ходу, с коротких остановок, с борта) по бронированным и небронированным целям.<br />\r\n<br />\r\n<strong>Для демонстрационного показа на сухопутном демонстрационном кластере привлекаются:</strong><br />\r\nСухопутные войска &ndash; 75 ед. (танков &ndash; 10 ед., САУ &ndash; 10 ед., БМП &ndash; 5 ед., БТР &ndash; 5 ед., автомобильной техники &ndash; 25 ед., роботизированная техника &ndash; 10 ед., комплексы БЛА &ndash; 10 к-тов).</p>\r\n\r\n<p><img src="http://www.rusarmyexpo.ru/im_new.xp?q=050051056057055054053050.png&amp;ql=1" /></p>\r\n\r\n<p>Авиационный демонстрационный кластер:</p>\r\n\r\n<p>Показ возможностей авиационной техники будет представлен показательными выступлениями авиационных пилотажных групп &laquo;Русские витязи&raquo; (6 ед. Су-27), &laquo;Стрижи&raquo; (4 ед. &ndash; МиГ-29), &laquo;Беркуты России&raquo; (6 ед. &ndash; Ми-28Н) демонстрацией высшего пилотажа и пилотажа в составе групп и одиночно.<br />\r\n<br />\r\nКроме того, участникам Форума будут продемонстрированы: маневренный воздушный бой, нанесение одиночных и групповых авиаударов по наземным целям, а также высадка десанта беспарашютным способом (по тросу).<br />\r\nБудут организованы выступления личного состава подразделений специального назначения Воздушно-десантных войск.<br />\r\n<br />\r\n<strong>Для демонстрационного показа на авиационном демонстрационном кластере привлекаются:</strong><br />\r\nВВС &ndash; 43 ед. (самолетов &ndash; 19 ед., вертолетов &ndash; 12 ед., ВВТ ПВО &ndash; 12 ед.)<br />\r\nВойска ВКО &ndash; 3 ед.</p>\r\n\r\n<p>Водный демонстрационный кластер:</p>\r\n\r\n<p>На водоеме полигона &quot;Алабино&quot; будут представлены возможности вооружения военной и специальной техники по преодолению водных преград, включающее в себя групповое маневрирование боевых машин на плаву, показ возможностей десантно-переправочных средств по переправе войск и паромов по грузоподъемности, а также вождение танков под водой и по глубокому броду.<br />\r\n<br />\r\n<strong>Для демонстрационного показа на водном демонстрационном кластере привлекаются:</strong><br />\r\nВМФ &ndash; 8 ед.</p>\r\n'),
(18, 9, 1, 'Демонстрационная программа', '<p>Демонстрационная программа Международного военно-технического форума &quot;АРМИЯ-2015&quot; находится в стадии формирования и будет включать в себя мероприятия по показу образцов продукции, представленной на выставке предприятиями ОПК и Министерством обороны Российской Федерации.</p>\r\n\r\n<p>Основные составляющие демонстрационной программы:</p>\r\n\r\n<ul>\r\n	<li>Сухопутный кластер (полигон &quot;Алабино&quot;)</li>\r\n	<li>Авиационный кластер (аэродром &laquo;Кубинка&raquo;)</li>\r\n	<li>Водный кластер (гидротехнические сооружения полигона &quot;Алабино&quot;)</li>\r\n</ul>\r\n\r\n<p>В рамках демонстрационной программы Международного военно-технического форума &laquo;АРМИЯ-2015&raquo; из наличия Минобороны России планируется представить более 120 единиц современной боевой техники Сухопутных войск, Военно-воздушных сил, Войск воздушно-космической обороны, Воздушно-десантных войск и Военно-Морского Флота.<br />\r\n<br />\r\nОсновными способами демонстрации боевой техники будет являться показ ее ходовых качеств и огневых возможностей.</p>\r\n\r\n<p>Сухопутный демонстрационный кластер:</p>\r\n\r\n<p>Наиболее полно предельные динамические, меневренные характеристики и возможности автомобильной и бронетанковой техники планируется показать на специально оборудованной трассе, включающей в себя: скоростные участки, завал из труб, комбинированные уклоны, горку, стенку, трамплин, водные препятствия, ограниченные проход между столбами (&ldquo;змейку&rdquo;), противотанковый ров, колейный мост.<br />\r\n<br />\r\nОгневые возможности и вооружения и боевой техники будут продемонстрированы на танковой директрисе ведением огня на предельные дальности из всех видов вооружения танков и боевых машин различными типами боеприпасов, в том числе противотанковыми управляемыми ракетами, различными способами ( с ходу, с коротких остановок, с борта) по бронированным и небронированным целям.<br />\r\n<br />\r\n<strong>Для демонстрационного показа на сухопутном демонстрационном кластере привлекаются:</strong><br />\r\nСухопутные войска &ndash; 75 ед. (танков &ndash; 10 ед., САУ &ndash; 10 ед., БМП &ndash; 5 ед., БТР &ndash; 5 ед., автомобильной техники &ndash; 25 ед., роботизированная техника &ndash; 10 ед., комплексы БЛА &ndash; 10 к-тов).</p>\r\n\r\n<p><img src="http://www.rusarmyexpo.ru/im_new.xp?q=050051056057055054053050.png&amp;ql=1" /></p>\r\n\r\n<p>Авиационный демонстрационный кластер:</p>\r\n\r\n<p>Показ возможностей авиационной техники будет представлен показательными выступлениями авиационных пилотажных групп &laquo;Русские витязи&raquo; (6 ед. Су-27), &laquo;Стрижи&raquo; (4 ед. &ndash; МиГ-29), &laquo;Беркуты России&raquo; (6 ед. &ndash; Ми-28Н) демонстрацией высшего пилотажа и пилотажа в составе групп и одиночно.<br />\r\n<br />\r\nКроме того, участникам Форума будут продемонстрированы: маневренный воздушный бой, нанесение одиночных и групповых авиаударов по наземным целям, а также высадка десанта беспарашютным способом (по тросу).<br />\r\nБудут организованы выступления личного состава подразделений специального назначения Воздушно-десантных войск.<br />\r\n<br />\r\n<strong>Для демонстрационного показа на авиационном демонстрационном кластере привлекаются:</strong><br />\r\nВВС &ndash; 43 ед. (самолетов &ndash; 19 ед., вертолетов &ndash; 12 ед., ВВТ ПВО &ndash; 12 ед.)<br />\r\nВойска ВКО &ndash; 3 ед.</p>\r\n\r\n<p>Водный демонстрационный кластер:</p>\r\n\r\n<p>На водоеме полигона &quot;Алабино&quot; будут представлены возможности вооружения военной и специальной техники по преодолению водных преград, включающее в себя групповое маневрирование боевых машин на плаву, показ возможностей десантно-переправочных средств по переправе войск и паромов по грузоподъемности, а также вождение танков под водой и по глубокому броду.<br />\r\n<br />\r\n<strong>Для демонстрационного показа на водном демонстрационном кластере привлекаются:</strong><br />\r\nВМФ &ndash; 8 ед.</p>\r\n'),
(19, 10, 0, 'Общая информация', '<table border="1" cellpadding="0" cellspacing="0">\r\n	<tbody>\r\n		<tr>\r\n			<td style="width:225px">\r\n			<p><strong>Название: </strong></p>\r\n			</td>\r\n			<td style="width:436px">\r\n			<p>Международный военно-технический&nbsp;форум &laquo;АРМИЯ-2015&raquo;</p>\r\n			</td>\r\n		</tr>\r\n		<tr>\r\n			<td style="width:225px">\r\n			<p><strong>Основание для проведения:</strong></p>\r\n\r\n			<p>&nbsp;</p>\r\n			</td>\r\n			<td style="width:436px">\r\n			<p><a href="http://ips.pravo.gov.ru/?searchres=&amp;bpas=cd00000&amp;textpres=&amp;sort=7&amp;a6=102000066&amp;a3=102000499&amp;a7type=4&amp;a7from=&amp;a7to=&amp;input-date=14+%E0%F0%EE%E5%EB%FF+2014&amp;a8=614-%F0&amp;a8type=2&amp;a1=">Распоряжение Правительства Российской Федерации от 15 апреля 2014 года No614-р</a></p>\r\n			</td>\r\n		</tr>\r\n		<tr>\r\n			<td style="width:225px">\r\n			<p><strong>Организатор:</strong></p>\r\n			</td>\r\n			<td style="width:436px">\r\n			<p><a href="http://mil.ru">Министерство обороны Российской Федерации</a></p>\r\n			</td>\r\n		</tr>\r\n		<tr>\r\n			<td style="width:225px">\r\n			<p><strong>Соорганизаторы:</strong></p>\r\n			</td>\r\n			<td style="width:436px">\r\n			<p><a href="http://www.federalspace.ru">Федеральное космическое агентство</a></p>\r\n\r\n			<p><a href="http://rostech.ru">ГК &ldquo;Ростехнологии&rdquo;</a></p>\r\n			</td>\r\n		</tr>\r\n		<tr>\r\n			<td style="width:225px">\r\n			<p><strong>Выставочный оператор:</strong></p>\r\n\r\n			<p>&nbsp;</p>\r\n			</td>\r\n			<td style="width:436px">\r\n			<p><a href="http://icecompany.org">ООО &laquo;МКВ&raquo; </a>(выставочный оператор форума на основании государственного контракта с Минобороны России  от 19 декабря 2013 г. No1070/ЕП/2013/ДРГЗ)</p>\r\n			</td>\r\n		</tr>\r\n		<tr>\r\n			<td style="width:225px">\r\n			<p><strong>Даты проведения:</strong></p>\r\n			</td>\r\n			<td style="width:436px">\r\n			<p>16 -19 июня 2015 года</p>\r\n			</td>\r\n		</tr>\r\n		<tr>\r\n			<td style="width:225px">\r\n			<p><strong>Место проведения:</strong></p>\r\n\r\n			<p>&nbsp;</p>\r\n			</td>\r\n			<td style="width:436px">\r\n			<p><a href="http://park-patriot.ru/">Конгрессно-выставочный центр Военно-патриотического парка культуры и отдыха Вооруженных Сил Российской Федерации &laquo;Патриот&raquo; </a><br />\r\n			(г. Кубинка, Московская область)</p>\r\n			</td>\r\n		</tr>\r\n	</tbody>\r\n</table>\r\n'),
(20, 10, 1, 'Общая информация', '<table border="1" cellpadding="0" cellspacing="0">\r\n	<tbody>\r\n		<tr>\r\n			<td style="width:225px">\r\n			<p><strong>Название: </strong></p>\r\n			</td>\r\n			<td style="width:436px">\r\n			<p>Международный военно-технический&nbsp;форум &laquo;АРМИЯ-2015&raquo;</p>\r\n			</td>\r\n		</tr>\r\n		<tr>\r\n			<td style="width:225px">\r\n			<p><strong>Основание для проведения:</strong></p>\r\n\r\n			<p>&nbsp;</p>\r\n			</td>\r\n			<td style="width:436px">\r\n			<p><a href="http://ips.pravo.gov.ru/?searchres=&amp;bpas=cd00000&amp;textpres=&amp;sort=7&amp;a6=102000066&amp;a3=102000499&amp;a7type=4&amp;a7from=&amp;a7to=&amp;input-date=14+%E0%F0%EE%E5%EB%FF+2014&amp;a8=614-%F0&amp;a8type=2&amp;a1=">Распоряжение Правительства Российской Федерации от 15 апреля 2014 года No614-р</a></p>\r\n			</td>\r\n		</tr>\r\n		<tr>\r\n			<td style="width:225px">\r\n			<p><strong>Организатор:</strong></p>\r\n			</td>\r\n			<td style="width:436px">\r\n			<p><a href="http://mil.ru">Министерство обороны Российской Федерации</a></p>\r\n			</td>\r\n		</tr>\r\n		<tr>\r\n			<td style="width:225px">\r\n			<p><strong>Соорганизаторы:</strong></p>\r\n			</td>\r\n			<td style="width:436px">\r\n			<p><a href="http://www.federalspace.ru">Федеральное космическое агентство</a></p>\r\n\r\n			<p><a href="http://rostech.ru">ГК &ldquo;Ростехнологии&rdquo;</a></p>\r\n			</td>\r\n		</tr>\r\n		<tr>\r\n			<td style="width:225px">\r\n			<p><strong>Выставочный оператор:</strong></p>\r\n\r\n			<p>&nbsp;</p>\r\n			</td>\r\n			<td style="width:436px">\r\n			<p><a href="http://icecompany.org">ООО &laquo;МКВ&raquo; </a>(выставочный оператор форума на основании государственного контракта с Минобороны России  от 19 декабря 2013 г. No1070/ЕП/2013/ДРГЗ)</p>\r\n			</td>\r\n		</tr>\r\n		<tr>\r\n			<td style="width:225px">\r\n			<p><strong>Даты проведения:</strong></p>\r\n			</td>\r\n			<td style="width:436px">\r\n			<p>16 -19 июня 2015 года</p>\r\n			</td>\r\n		</tr>\r\n		<tr>\r\n			<td style="width:225px">\r\n			<p><strong>Место проведения:</strong></p>\r\n\r\n			<p>&nbsp;</p>\r\n			</td>\r\n			<td style="width:436px">\r\n			<p><a href="http://park-patriot.ru/">Конгрессно-выставочный центр Военно-патриотического парка культуры и отдыха Вооруженных Сил Российской Федерации &laquo;Патриот&raquo; </a><br />\r\n			(г. Кубинка, Московская область)</p>\r\n			</td>\r\n		</tr>\r\n	</tbody>\r\n</table>\r\n'),
(21, 11, 0, 'Оргкомитет', '<p>Состав организационного комитета по подготовке и проведению Международного военно-технического форума &laquo;АРМИЯ&ndash;2015&raquo;</p>\r\n\r\n<table border="1" cellpadding="0" cellspacing="0" style="width:650px">\r\n	<thead>\r\n		<tr>\r\n			<th style="height:53px; width:57px">\r\n			<p>№ п/п</p>\r\n			</th>\r\n			<th style="height:53px; width:180px">\r\n			<p>ФИО</p>\r\n			</th>\r\n			<th style="height:53px; width:217px">\r\n			<p>Должность</p>\r\n			</th>\r\n			<th style="height:53px; width:208px">\r\n			<p>Наименование организации</p>\r\n			</th>\r\n		</tr>\r\n	</thead>\r\n	<tbody>\r\n		<tr>\r\n			<td style="height:107px; width:57px">\r\n			<p>&nbsp; 1.&nbsp;</p>\r\n			</td>\r\n			<td style="height:107px; width:180px">\r\n			<p><strong>ШОЙГУ&nbsp; </strong></p>\r\n\r\n			<p>Сергей Кужугетович</p>\r\n			</td>\r\n			<td style="height:107px; width:217px">\r\n			<p>Председатель организационного комитета,</p>\r\n\r\n			<p>Министр</p>\r\n			</td>\r\n			<td style="height:107px; width:208px">\r\n			<p>Министерство обороны Российской Федерации</p>\r\n			</td>\r\n		</tr>\r\n		<tr>\r\n			<td style="height:163px; width:57px">\r\n			<p>&nbsp; 2.&nbsp;</p>\r\n			</td>\r\n			<td style="height:163px; width:180px">\r\n			<p><strong>ПОПОВ</strong></p>\r\n\r\n			<p>Павел</p>\r\n\r\n			<p>Анатольевич</p>\r\n			</td>\r\n			<td style="height:163px; width:217px">\r\n			<p>Заместитель председателя организационного комитета, заместитель Министра</p>\r\n			</td>\r\n			<td style="height:163px; width:208px">\r\n			<p>Министерство обороны Российской Федерации</p>\r\n			</td>\r\n		</tr>\r\n		<tr>\r\n			<td style="height:116px; width:57px">\r\n			<p>&nbsp; 3.&nbsp;</p>\r\n			</td>\r\n			<td style="height:116px; width:180px">\r\n			<p><strong>АНТОНОВ</strong></p>\r\n\r\n			<p>Анатолий Иванович</p>\r\n			</td>\r\n			<td style="height:116px; width:217px">\r\n			<p>Заместитель Министра</p>\r\n			</td>\r\n			<td style="height:116px; width:208px">\r\n			<p>Министерство обороны Российской Федерации</p>\r\n			</td>\r\n		</tr>\r\n		<tr>\r\n			<td style="height:107px; width:57px">\r\n			<p>&nbsp; 4.&nbsp;</p>\r\n			</td>\r\n			<td style="height:107px; width:180px">\r\n			<p><strong>БАХИН</strong></p>\r\n\r\n			<p>Аркадий</p>\r\n\r\n			<p>Викторович</p>\r\n			</td>\r\n			<td style="height:107px; width:217px">\r\n			<p>Первый заместитель Министра</p>\r\n			</td>\r\n			<td style="height:107px; width:208px">\r\n			<p>Министерство обороны Российской Федерации</p>\r\n			</td>\r\n		</tr>\r\n		<tr>\r\n			<td style="height:106px; width:57px">\r\n			<p>&nbsp; 5.&nbsp;</p>\r\n			</td>\r\n			<td style="height:106px; width:180px">\r\n			<p><strong>БЕЛЬЯНИНОВ</strong> Андрей</p>\r\n\r\n			<p>Юрьевич</p>\r\n			</td>\r\n			<td style="height:106px; width:217px">\r\n			<p>Руководитель</p>\r\n			</td>\r\n			<td style="height:106px; width:208px">\r\n			<p>Федеральная таможенная служба</p>\r\n			</td>\r\n		</tr>\r\n		<tr>\r\n			<td style="width:57px">\r\n			<p>&nbsp; 6.&nbsp;</p>\r\n			</td>\r\n			<td style="width:180px">\r\n			<p><strong>БОГДАНОВ</strong></p>\r\n\r\n			<p>Андрей</p>\r\n\r\n			<p>Владимирович</p>\r\n			</td>\r\n			<td style="width:217px">\r\n			<p>Начальник штаба вооружения &ndash; заместитель начальника вооружения внутренних войск МВД России</p>\r\n			</td>\r\n			<td style="width:208px">\r\n			<p>Министерство внутренних дел Российской Федерации</p>\r\n\r\n			<p>&nbsp;</p>\r\n			</td>\r\n		</tr>\r\n		<tr>\r\n			<td style="height:108px; width:57px">\r\n			<p>&nbsp; 7.&nbsp;</p>\r\n			</td>\r\n			<td style="height:108px; width:180px">\r\n			<p><strong>БОНДАРЕВ</strong> Виктор Николаевич</p>\r\n			</td>\r\n			<td style="height:108px; width:217px">\r\n			<p>Главнокомандующий</p>\r\n\r\n			<p>Военно-воздушными силами</p>\r\n			</td>\r\n			<td style="height:108px; width:208px">\r\n			<p>Министерство обороны Российской Федерации</p>\r\n			</td>\r\n		</tr>\r\n		<tr>\r\n			<td style="height:94px; width:57px">\r\n			<p>&nbsp; 8.&nbsp;</p>\r\n			</td>\r\n			<td style="height:94px; width:180px">\r\n			<p><strong>БОРИСОВ</strong> Юрий</p>\r\n\r\n			<p>&nbsp;Иванович</p>\r\n			</td>\r\n			<td style="height:94px; width:217px">\r\n			<p>Заместитель Министра</p>\r\n			</td>\r\n			<td style="height:94px; width:208px">\r\n			<p>Министерство обороны Российской Федерации</p>\r\n			</td>\r\n		</tr>\r\n		<tr>\r\n			<td style="height:94px; width:57px">\r\n			<p>&nbsp; 9.&nbsp;</p>\r\n			</td>\r\n			<td style="height:94px; width:180px">\r\n			<p><strong>БОЧАРОВ </strong></p>\r\n\r\n			<p>Олег</p>\r\n\r\n			<p>Евгеньевич</p>\r\n			</td>\r\n			<td style="height:94px; width:217px">\r\n			<p>Руководитель Департамента науки, промышленной политики и предпринимательства Правительства Москвы</p>\r\n			</td>\r\n			<td style="height:94px; width:208px">\r\n			<p>Правительство Москвы</p>\r\n			</td>\r\n		</tr>\r\n		<tr>\r\n			<td style="height:142px; width:57px">\r\n			<p>10.&nbsp;</p>\r\n			</td>\r\n			<td style="height:142px; width:180px">\r\n			<p><strong>БУДАРГИН</strong></p>\r\n\r\n			<p>Олег</p>\r\n\r\n			<p>Михайлович</p>\r\n			</td>\r\n			<td style="height:142px; width:217px">\r\n			<p>Генеральный директор</p>\r\n			</td>\r\n			<td style="height:142px; width:208px">\r\n			<p>ОАО &laquo;Российские сети&raquo;</p>\r\n			</td>\r\n		</tr>\r\n		<tr>\r\n			<td style="height:98px; width:57px">\r\n			<p>11.&nbsp;</p>\r\n			</td>\r\n			<td style="height:98px; width:180px">\r\n			<p><strong>БУЛГАКОВ</strong></p>\r\n\r\n			<p>Дмитрий Витальевич</p>\r\n			</td>\r\n			<td style="height:98px; width:217px">\r\n			<p>Заместитель Министра</p>\r\n			</td>\r\n			<td style="height:98px; width:208px">\r\n			<p>Министерство обороны Российской Федерации</p>\r\n			</td>\r\n		</tr>\r\n		<tr>\r\n			<td style="height:104px; width:57px">\r\n			<p>12.&nbsp;</p>\r\n			</td>\r\n			<td style="height:104px; width:180px">\r\n			<p><strong>ВОЛГОВ</strong></p>\r\n\r\n			<p>Владимир</p>\r\n\r\n			<p>Николаевич</p>\r\n			</td>\r\n			<td style="height:104px; width:217px">\r\n			<p>Заместитель начальника автобронетанкового управления ГКВВ</p>\r\n			</td>\r\n			<td style="height:104px; width:208px">\r\n			<p>Министерство внутренних дел Российской Федерации</p>\r\n			</td>\r\n		</tr>\r\n		<tr>\r\n			<td style="height:156px; width:57px">\r\n			<p>13.&nbsp;</p>\r\n			</td>\r\n			<td style="height:156px; width:180px">\r\n			<p><strong>ВОРОБЬЕВ</strong> Андрей</p>\r\n\r\n			<p>Юрьевич</p>\r\n			</td>\r\n			<td style="height:156px; width:217px">\r\n			<p>Губернатор</p>\r\n			</td>\r\n			<td style="height:156px; width:208px">\r\n			<p>Московская область</p>\r\n			</td>\r\n		</tr>\r\n		<tr>\r\n			<td style="width:57px">\r\n			<p>14.&nbsp;</p>\r\n			</td>\r\n			<td style="width:180px">\r\n			<p><strong>ГЕРАСИМОВ</strong> Валерий Васильевич</p>\r\n			</td>\r\n			<td style="width:217px">\r\n			<p>Начальник Генерального штаба Вооруженных Сил Российской Федерации &ndash; первый заместитель Министра обороны Российской Федерации</p>\r\n			</td>\r\n			<td style="width:208px">\r\n			<p>Министерство обороны Российской Федерации</p>\r\n			</td>\r\n		</tr>\r\n		<tr>\r\n			<td style="width:57px">\r\n			<p>15.&nbsp;</p>\r\n			</td>\r\n			<td style="width:180px">\r\n			<p><strong>ЗОЛОТОВ</strong></p>\r\n\r\n			<p>Виктор Васильевич</p>\r\n			</td>\r\n			<td style="width:217px">\r\n			<p>Первый заместитель Министра &ndash; главнокомандующий внутренними войсками</p>\r\n			</td>\r\n			<td style="width:208px">\r\n			<p>Министерство внутренних дел Российской Федерации</p>\r\n\r\n			<p>&nbsp;</p>\r\n			</td>\r\n		</tr>\r\n		<tr>\r\n			<td style="height:124px; width:57px">\r\n			<p>16.&nbsp;</p>\r\n			</td>\r\n			<td style="height:124px; width:180px">\r\n			<p><strong>ГОЛОВКО</strong> Александр Валентинович</p>\r\n			</td>\r\n			<td style="height:124px; width:217px">\r\n			<p>Командующий Войсками воздушно-космической обороны</p>\r\n			</td>\r\n			<td style="height:124px; width:208px">\r\n			<p>Министерство обороны Российской Федерации</p>\r\n			</td>\r\n		</tr>\r\n		<tr>\r\n			<td style="width:57px">\r\n			<p>17.&nbsp;</p>\r\n			</td>\r\n			<td style="width:180px">\r\n			<p><strong>ГРИГОРЬЕВ</strong></p>\r\n\r\n			<p>Александр</p>\r\n\r\n			<p>Григорьевич</p>\r\n			</td>\r\n			<td style="width:217px">\r\n			<p>Заместитель директора</p>\r\n			</td>\r\n			<td style="width:208px">\r\n			<p>Департамент оборонной промышленности Правительства Российской Федерации</p>\r\n			</td>\r\n		</tr>\r\n		<tr>\r\n			<td style="width:57px">\r\n			<p>18.&nbsp;</p>\r\n			</td>\r\n			<td style="width:180px">\r\n			<p><strong>ЕДРЕНКИН</strong></p>\r\n\r\n			<p>Анатолий Владимирович</p>\r\n			</td>\r\n			<td style="width:217px">\r\n			<p>Исполнительный директор</p>\r\n\r\n			<p>&nbsp;</p>\r\n			</td>\r\n			<td style="width:208px">\r\n			<p>ООО &laquo;МКВ&raquo;</p>\r\n			</td>\r\n		</tr>\r\n		<tr>\r\n			<td style="height:142px; width:57px">\r\n			<p>19.&nbsp;</p>\r\n			</td>\r\n			<td style="height:142px; width:180px">\r\n			<p><strong>ИСАЙКИН</strong></p>\r\n\r\n			<p>Анатолий Петрович</p>\r\n			</td>\r\n			<td style="height:142px; width:217px">\r\n			<p>Генеральный директор</p>\r\n			</td>\r\n			<td style="height:142px; width:208px">\r\n			<p>ОАО &laquo;Рособоронэкспорт&raquo;</p>\r\n			</td>\r\n		</tr>\r\n		<tr>\r\n			<td style="height:123px; width:57px">\r\n			<p>20.&nbsp;</p>\r\n			</td>\r\n			<td style="height:123px; width:180px">\r\n			<p><strong>КАРАКАЕВ</strong> Сергей Викторович</p>\r\n			</td>\r\n			<td style="height:123px; width:217px">\r\n			<p>Командующий Ракетными войсками стратегического назначения</p>\r\n			</td>\r\n			<td style="height:123px; width:208px">\r\n			<p>Министерство обороны Российской Федерации</p>\r\n			</td>\r\n		</tr>\r\n		<tr>\r\n			<td style="width:57px">\r\n			<p>21.&nbsp;</p>\r\n			</td>\r\n			<td style="width:180px">\r\n			<p><strong>КОМОЕДОВ</strong></p>\r\n\r\n			<p>Владимир Петрович</p>\r\n			</td>\r\n			<td style="width:217px">\r\n			<p>Председатель Комитета Государственной Думы по обороне</p>\r\n\r\n			<p>&nbsp;</p>\r\n			</td>\r\n			<td style="width:208px">\r\n			<p>Государственная Дума Федерального собрания Российской Федерации</p>\r\n\r\n			<p>&nbsp;</p>\r\n			</td>\r\n		</tr>\r\n		<tr>\r\n			<td style="height:142px; width:57px">\r\n			<p>22.&nbsp;</p>\r\n			</td>\r\n			<td style="height:142px; width:180px">\r\n			<p><strong>КРАЕВОЙ</strong></p>\r\n\r\n			<p>Сергей Александрович</p>\r\n			</td>\r\n			<td style="height:142px; width:217px">\r\n			<p>Заместитель Министра</p>\r\n			</td>\r\n			<td style="height:142px; width:208px">\r\n			<p>Министерство здравоохранения Российской Федерации</p>\r\n			</td>\r\n		</tr>\r\n		<tr>\r\n			<td style="height:118px; width:57px">\r\n			<p>23.&nbsp;</p>\r\n			</td>\r\n			<td style="height:118px; width:180px">\r\n			<p><strong>МИХАЙЛОВ</strong></p>\r\n\r\n			<p>Сергей Владимирович</p>\r\n			</td>\r\n			<td style="height:118px; width:217px">\r\n			<p>Генеральный директор</p>\r\n			</td>\r\n			<td style="height:118px; width:208px">\r\n			<p>ФГУП &laquo;Информационное телеграфное агентство России</p>\r\n\r\n			<p>(ИТАР &ndash; ТАСС)&raquo;</p>\r\n			</td>\r\n		</tr>\r\n		<tr>\r\n			<td style="width:57px">\r\n			<p>24.&nbsp;</p>\r\n			</td>\r\n			<td style="width:180px">\r\n			<p><strong>ОЗЕРОВ</strong></p>\r\n\r\n			<p>Виктор Алексеевич</p>\r\n			</td>\r\n			<td style="width:217px">\r\n			<p>Председатель Комитета Совета Федерации по обороне и безопасности</p>\r\n			</td>\r\n			<td style="width:208px">\r\n			<p>Совет Федерации Федерального собрания Российской Федерации</p>\r\n			</td>\r\n		</tr>\r\n		<tr>\r\n			<td style="height:101px; width:57px">\r\n			<p>25.&nbsp;</p>\r\n			</td>\r\n			<td style="height:101px; width:180px">\r\n			<p><strong>ОСТАПЕНКО</strong></p>\r\n\r\n			<p>Олег</p>\r\n\r\n			<p>Николаевич</p>\r\n			</td>\r\n			<td style="height:101px; width:217px">\r\n			<p>Руководитель</p>\r\n			</td>\r\n			<td style="height:101px; width:208px">\r\n			<p>Федеральное космическое агентство</p>\r\n			</td>\r\n		</tr>\r\n		<tr>\r\n			<td style="height:90px; width:57px">\r\n			<p>26.&nbsp;</p>\r\n			</td>\r\n			<td style="height:90px; width:180px">\r\n			<p><strong>ПАНКОВ</strong></p>\r\n\r\n			<p>Николай Александрович</p>\r\n			</td>\r\n			<td style="height:90px; width:217px">\r\n			<p>Статс-секретарь &ndash;&nbsp; заместитель Министра</p>\r\n			</td>\r\n			<td style="height:90px; width:208px">\r\n			<p>Министерство обороны Российской Федерации</p>\r\n			</td>\r\n		</tr>\r\n		<tr>\r\n			<td style="height:142px; width:57px">\r\n			<p>27.&nbsp;</p>\r\n			</td>\r\n			<td style="height:142px; width:180px">\r\n			<p><strong>ПОТАПОВ</strong> Александр Валерьевич</p>\r\n			</td>\r\n			<td style="height:142px; width:217px">\r\n			<p>Заместитель Министра</p>\r\n			</td>\r\n			<td style="height:142px; width:208px">\r\n			<p>Министерство промышленности и торговли</p>\r\n\r\n			<p>Российской Федерации</p>\r\n			</td>\r\n		</tr>\r\n		<tr>\r\n			<td style="width:57px">\r\n			<p>28.&nbsp;</p>\r\n			</td>\r\n			<td style="width:180px">\r\n			<p><strong>РЯБКОВ </strong></p>\r\n\r\n			<p>Сергей Алексеевич</p>\r\n			</td>\r\n			<td style="width:217px">\r\n			<p>Заместитель Министра</p>\r\n			</td>\r\n			<td style="width:208px">\r\n			<p>Министерство иностранных дел Российской Федерации</p>\r\n			</td>\r\n		</tr>\r\n		<tr>\r\n			<td style="height:110px; width:57px">\r\n			<p>29.&nbsp;</p>\r\n			</td>\r\n			<td style="height:110px; width:180px">\r\n			<p><strong>САДОВЕНКО</strong></p>\r\n\r\n			<p>Юрий</p>\r\n\r\n			<p>Эдуардович</p>\r\n			</td>\r\n			<td style="height:110px; width:217px">\r\n			<p>Заместитель Министра &ndash; Руководитель Аппарата</p>\r\n			</td>\r\n			<td style="height:110px; width:208px">\r\n			<p>Министерство обороны Российской Федерации</p>\r\n			</td>\r\n		</tr>\r\n		<tr>\r\n			<td style="height:116px; width:57px">\r\n			<p>30.&nbsp;</p>\r\n			</td>\r\n			<td style="height:116px; width:180px">\r\n			<p><strong>САЛЮКОВ</strong></p>\r\n\r\n			<p>Олег</p>\r\n\r\n			<p>Леонидович</p>\r\n			</td>\r\n			<td style="height:116px; width:217px">\r\n			<p>Главнокомандующий</p>\r\n\r\n			<p>Сухопутными войсками</p>\r\n			</td>\r\n			<td style="height:116px; width:208px">\r\n			<p>Министерство обороны Российской Федерации</p>\r\n			</td>\r\n		</tr>\r\n		<tr>\r\n			<td style="width:57px">\r\n			<p>31.&nbsp;</p>\r\n			</td>\r\n			<td style="width:180px">\r\n			<p><strong>СЕЛИН</strong></p>\r\n\r\n			<p>Владимир Викторович</p>\r\n			</td>\r\n			<td style="width:217px">\r\n			<p>Директор</p>\r\n			</td>\r\n			<td style="width:208px">\r\n			<p>Федеральная служба по техническому и экспортному контролю</p>\r\n			</td>\r\n		</tr>\r\n		<tr>\r\n			<td style="height:106px; width:57px">\r\n			<p>32.&nbsp;</p>\r\n			</td>\r\n			<td style="height:106px; width:180px">\r\n			<p><strong>СЕМЕРИКОВ</strong> Валерий Анатольевич</p>\r\n			</td>\r\n			<td style="height:106px; width:217px">\r\n			<p>Заместитель&nbsp;</p>\r\n\r\n			<p>Генерального секретаря</p>\r\n			</td>\r\n			<td style="height:106px; width:208px">\r\n			<p>Организация Договора о коллективной безопасности</p>\r\n			</td>\r\n		</tr>\r\n		<tr>\r\n			<td style="height:142px; width:57px">\r\n			<p>33.&nbsp;</p>\r\n			</td>\r\n			<td style="height:142px; width:180px">\r\n			<p><strong>СТАРОВОЙТ</strong></p>\r\n\r\n			<p>Роман Владимирович</p>\r\n			</td>\r\n			<td style="height:142px; width:217px">\r\n			<p>Руководитель</p>\r\n			</td>\r\n			<td style="height:142px; width:208px">\r\n			<p>Федеральное дорожное агентство</p>\r\n			</td>\r\n		</tr>\r\n		<tr>\r\n			<td style="height:120px; width:57px">\r\n			<p>34.&nbsp;</p>\r\n			</td>\r\n			<td style="height:120px; width:180px">\r\n			<p><strong>ФОМИН</strong> Александр Васильевич</p>\r\n			</td>\r\n			<td style="height:120px; width:217px">\r\n			<p>Директор</p>\r\n			</td>\r\n			<td style="height:120px; width:208px">\r\n			<p>Федеральная служба по военно-техническому сотрудничеству</p>\r\n			</td>\r\n		</tr>\r\n		<tr>\r\n			<td style="height:166px; width:57px">\r\n			<p>35.&nbsp;</p>\r\n			</td>\r\n			<td style="height:166px; width:180px">\r\n			<p><strong>ХАРЧЕНКО</strong> Иван</p>\r\n\r\n			<p>Николаевич</p>\r\n			</td>\r\n			<td style="height:166px; width:217px">\r\n			<p>Первый заместитель председателя Коллегии Военно-промышленной комиссии Российской Федерации</p>\r\n			</td>\r\n			<td style="height:166px; width:208px">\r\n			<p>Правительство Российской Федерации</p>\r\n			</td>\r\n		</tr>\r\n		<tr>\r\n			<td style="height:96px; width:57px">\r\n			<p>36.&nbsp;</p>\r\n			</td>\r\n			<td style="height:96px; width:180px">\r\n			<p><strong>ЦАЛИКОВ</strong> Руслан Хаджисмелович</p>\r\n			</td>\r\n			<td style="height:96px; width:217px">\r\n			<p>Заместитель Министра</p>\r\n			</td>\r\n			<td style="height:96px; width:208px">\r\n			<p>Министерство обороны Российской Федерации</p>\r\n			</td>\r\n		</tr>\r\n		<tr>\r\n			<td style="height:228px; width:57px">\r\n			<p>37.&nbsp;</p>\r\n			</td>\r\n			<td style="height:228px; width:180px">\r\n			<p><strong>ЧИЖИКОВ</strong> Эдуард Николаевич</p>\r\n			</td>\r\n			<td style="height:228px; width:217px">\r\n			<p>Главный военный эксперт</p>\r\n			</td>\r\n			<td style="height:228px; width:208px">\r\n			<p>Министерство Российской Федерации по делам гражданской обороны, чрезвычайным ситуациям и ликвидации последствий стихийных бедствий</p>\r\n			</td>\r\n		</tr>\r\n		<tr>\r\n			<td style="height:101px; width:57px">\r\n			<p>38.&nbsp;</p>\r\n			</td>\r\n			<td style="height:101px; width:180px">\r\n			<p><strong>ЧИРКОВ</strong></p>\r\n\r\n			<p>Виктор Викторович</p>\r\n			</td>\r\n			<td style="height:101px; width:217px">\r\n			<p>Главнокомандующий</p>\r\n\r\n			<p>Военно-Морским Флотом</p>\r\n			</td>\r\n			<td style="height:101px; width:208px">\r\n			<p>Министерство обороны Российской Федерации</p>\r\n			</td>\r\n		</tr>\r\n		<tr>\r\n			<td style="height:102px; width:57px">\r\n			<p>39.&nbsp;</p>\r\n			</td>\r\n			<td style="height:102px; width:180px">\r\n			<p><strong>ШАМАНОВ</strong> Владимир Анатольевич</p>\r\n			</td>\r\n			<td style="height:102px; width:217px">\r\n			<p>Командующий Воздушно-десантными войсками</p>\r\n			</td>\r\n			<td style="height:102px; width:208px">\r\n			<p>Министерство обороны Российской Федерации</p>\r\n			</td>\r\n		</tr>\r\n		<tr>\r\n			<td style="height:132px; width:57px">\r\n			<p>40.&nbsp;</p>\r\n			</td>\r\n			<td style="height:132px; width:180px">\r\n			<p><strong>ШЕВЦОВА</strong></p>\r\n\r\n			<p>Татьяна Викторовна</p>\r\n			</td>\r\n			<td style="height:132px; width:217px">\r\n			<p>Заместитель Министра</p>\r\n			</td>\r\n			<td style="height:132px; width:208px">\r\n			<p>Министерство обороны Российской Федерации</p>\r\n			</td>\r\n		</tr>\r\n		<tr>\r\n			<td style="height:142px; width:57px">\r\n			<p>41.&nbsp;</p>\r\n			</td>\r\n			<td style="height:142px; width:180px">\r\n			<p><strong>ШУГАЕВ</strong></p>\r\n\r\n			<p>Дмитрий Евгеньевич</p>\r\n			</td>\r\n			<td style="height:142px; width:217px">\r\n			<p>Заместитель генерального директора</p>\r\n			</td>\r\n			<td style="height:142px; width:208px">\r\n			<p>Государственная корпорация</p>\r\n\r\n			<p>&laquo;Ростех&raquo;</p>\r\n			</td>\r\n		</tr>\r\n		<tr>\r\n			<td style="height:115px; width:57px">\r\n			<p>42.&nbsp;</p>\r\n			</td>\r\n			<td style="height:115px; width:180px">\r\n			<p><strong>КИЖНЕР </strong></p>\r\n\r\n			<p>Давид Львович&nbsp;</p>\r\n			</td>\r\n			<td style="height:115px; width:217px">\r\n			<p>Заместитель начальника Департамента технической политики</p>\r\n			</td>\r\n			<td style="height:115px; width:208px">\r\n			<p>ОАО &laquo;РЖД&raquo;</p>\r\n			</td>\r\n		</tr>\r\n	</tbody>\r\n</table>\r\n'),
(22, 11, 1, 'Оргкомитет', '');
INSERT INTO `content_tr` (`id`, `contentid`, `languageid`, `title`, `description`) VALUES
(23, 12, 0, 'Официальные приглашения', '<p><img src="http://www.rusarmyexpo.ru/im_new.xp?q=049051048049051049050051050.jpg&amp;ql=1" /></p>\r\n\r\n<p><strong>Дорогие друзья!&nbsp;</strong></p>\r\n\r\n<p>&nbsp;</p>\r\n\r\n<p>В период с 16 по 19 июня 2015 года Министерство обороны Российской Федерации на базе Военно-патриотического парка культуры и отдыха Вооруженных Сил Российской Федерации &laquo;Патриот&raquo; проводит Международный военно-технический форум &laquo;АРМИЯ-2015&raquo;.&nbsp;</p>\r\n\r\n<p>Показ новейших достижений в области технологий, применяемых в военной сфере, послужит развитию научно-технического задела в интересах укрепления обороноспособности нашей Родины, станет стимулом к разработке новых решений для обеспечения безопасности государства.&nbsp;</p>\r\n\r\n<p>Инновационные идеи и достижения в сфере высокотехнологичного производства продемонстрируют государственные корпорации, предприятия оборонно-промышленного комплекса, ведущие научно-исследовательские организации, высшие учебные заведения, разработчики и производители вооружения, военной и специальной техники, а также зарубежные партнеры.&nbsp;</p>\r\n\r\n<p>Уверен, что возможность непосредственного общения с ведущими специалистами, обмен мнениями по перспективным конструкторским решениям, прорывным технологиям и их практическому применению послужит развитию военной мысли, укреплению международного военно-технического сотрудничества, а также патриотическому воспитанию молодежи.&nbsp;</p>\r\n\r\n<p>Приглашаю Вас посетить Форум и принять участие в мероприятиях его деловой программы.<br />\r\n<br />\r\nС уважением,</p>\r\n\r\n<p><strong>Министр обороны Российской Федерации<br />\r\nгенерал армии<br />\r\nС. Шойгу</strong></p>\r\n\r\n<p><img src="http://www.rusarmyexpo.ru/im_new.xp?q=049051048049051052052049057.png&amp;ql=1" /></p>\r\n\r\n<p><img src="http://www.rusarmyexpo.ru/im_new.xp?q=049049055051057055050055048.gif&amp;ql=1" /></p>\r\n\r\n<p>В соответствии с распоряжением Правительства Российской Федерации от 15 апреля 2014 г. № 614-р в период с 16 по 19 июня 2015 г. на базе конгрессно-выставочного центра Военно-патриотического парка культуры и отдыха Вооруженных Сил Российской Федерации &laquo;Патриот&raquo; (г. Кубинка, Московской области) спланировано проведение Международного форума &laquo;АРМИЯ-2015&raquo; (далее - форум), организатором которого выступает Министерство обороны Российской Федерации.</p>\r\n\r\n<p>&nbsp;</p>\r\n\r\n<p>&nbsp;</p>\r\n\r\n<p>В год празднования 70-й годовщины Победы в Великой Отечественной войне форум станет важнейшим государственным событием.</p>\r\n\r\n<p>Целью форума является объединение в рамках одного мероприятия производителей и потребителей продукции и услуг, создание условий для эффективного поиска инновационных технологий и разработок в интересах обороноспособности и боеготовности государства.</p>\r\n\r\n<p>Приглашаю принять участие в мероприятиях форума.</p>\r\n\r\n<p>Выставочным оператором форума на основании государственного контракта с Минобороны России от 19 декабря 2013 года №1070/ЕП/2013/ДРГЗ является ООО &laquo;Международные конгрессы и выставки&raquo; (ООО &laquo;МКВ&raquo;).</p>\r\n\r\n<p>Контактные телефоны: в Минобороны России - 8 (495) 333-45-72 e-mail: gunid@mil.ru, в ООО &laquo;МКВ&raquo; - 8 (495) 933-48-30 e-mail: exhibition_army@mail.ru. Сайт выставки: www.rusarmyexpo.ru.</p>\r\n\r\n<p><strong>Заместитель Министра обороны<br />\r\nРоссийской Федерации<br />\r\nП. Попов</strong></p>\r\n\r\n<p><img src="http://www.rusarmyexpo.ru/im_new.xp?q=049051048055050048050051048.png&amp;ql=1" /></p>\r\n\r\n<p><img src="http://www.rusarmyexpo.ru/im_new.xp?q=049051048055050048051052052.jpg&amp;ql=1" style="float:left" />В соответствии с решением Министра обороны Российской Федерации от 31 октября 2014 года на базе конгрессно-выставочного центра Военно-патриотического парка &laquo;Патриот&raquo; (г. Кубинка, Московской области) в период с 16 по 19 июня 2015 года планируется проведение Международного военно-технического форума &laquo;АРМИЯ-2015&raquo; (далее &ndash; Форум).</p>\r\n\r\n<p>&nbsp;</p>\r\n\r\n<p>Целью Форума является объединение в рамках одного мероприятия производителей и потребителей продукции и услуг, создание условий для эффективного поиска инновационных технологий и разработок в интересах обороноспособности и боеготовности государства.</p>\r\n\r\n<p>В форуме примут участие руководители Министерства обороны Российской Федерации, профильных федеральных и региональных органов исполнительной власти, государственных корпораций, общественных организаций.</p>\r\n\r\n<p>Приглашаю Вас продемонстрировать достижения Вашего предприятия в экспозиции выставки Форума и принять участие в мероприятиях деловой программы.</p>\r\n\r\n<p>О принятом решении прошу проинформировать Управление интеллектуальной собственности, военно-технического сотрудничества и экспертизы поставок вооружения и военной техники Министерства обороны Российской Федерации в возможно короткий срок.</p>\r\n\r\n<p><strong>Заместитель Министра обороны&nbsp;</strong><br />\r\n<strong>Российской Федерации</strong><br />\r\n<strong>Ю. Борисов</strong></p>\r\n'),
(24, 12, 1, 'Официальные приглашения', ''),
(25, 13, 0, 'Партнеры', '<p>Компания &quot;АЭРгрупп&quot;</p>\r\n\r\n<p><img src="http://www.rusarmyexpo.ru/im_new.xp?q=050051056048055052056048.jpg&amp;ql=1" /></p>\r\n\r\n<p>Партнер по формированию экспозиции и деловой программы Форума по тематическому разделу &quot;Строительство, капитальный ремонт, техническое содержание и эксплуатация материально-технической базы&quot;</p>\r\n\r\n<p>115230, г. Москва, Варшавское шоссе, д. 42<br />\r\nТел.: +7 (495) 287-32-99<br />\r\nE-mail: <a href="mailto:pr@aergroup.ru">pr@aergroup.ru</a>, <a href="mailto:ds@aergroup.ru">ds@aergroup.r</a><a href="mailto:ds@aergroup.ru">u</a><br />\r\n<a href="http://www.aergroup.ru">www.aergroup.ru</a></p>\r\n\r\n<p><img src="http://www.rusarmyexpo.ru/im_new.xp?q=049052054050057050048056049.png&amp;ql=1" /></p>\r\n\r\n<p>ОАО &quot;НТЦ ФСК ЕЭС&quot;</p>\r\n\r\n<p><img src="http://www.rusarmyexpo.ru/im_new.xp?q=050051056048055054052053.jpg&amp;ql=1" /></p>\r\n\r\n<p>Партнер по формированию экспозиции и деловой программы Форума по тематическому разделу &quot;Энергетика. Интеллектуальная энергетика, водородная энергетика, микроисточники питания, аккумуляторные технологии, технологии электрогенераторов&quot;</p>\r\n\r\n<p>115201, г. Москва, Каширское шоссе, д. 22, корп. 3<br />\r\nТелефон: (495) 727-19-09 доб. 1304, 1345, 1728<br />\r\nФакс: (495) 727-19-08<br />\r\nE-mail: <a href="mailto:adv@ntc-power.ru">adv@ntc-power.ru </a><br />\r\n<a href="http://www.ntc-power.ru">www.ntc-power.ru</a></p>\r\n\r\n<p>Генеральный отраслевой информационный партнер: Научно-технический журнал &laquo;Энергия единой сети&raquo;</p>\r\n\r\n<p>Генеральный отраслевой информационный партнер по освещению деловой программы Форума по тематическому разделу &quot;Энергетика. Интеллектуальная энергетика, водородная энергетика, микроисточники питания, аккумуляторные технологии, технологии электрогенераторов&quot;</p>\r\n\r\n<p>115201, г. Москва, Каширское шоссе, д. 22, корп. 3<br />\r\nТелефон: (495) 727-19-09 доб. 1304, 1345, 1728<br />\r\nФакс: (495) 727-19-08<br />\r\nE-mail: <a href="mailto:adv@ntc-power.ru">adv@ntc-power.ru </a><br />\r\n<a href="http://www.%D1%8D%D0%BD%D0%B5%D1%80%D0%B3%D0%B8%D1%8F-%D0%B5%D0%B4%D0%B8%D0%BD%D0%BE%D0%B9-%D1%81%D0%B5%D1%82%D0%B8.%D1%80%D1%84">http://www.энергия-единой-сети.рф</a></p>\r\n\r\n<p><img src="http://www.rusarmyexpo.ru/im_new.xp?q=049052054050057049056050050.jpg&amp;ql=1" /></p>\r\n'),
(26, 13, 1, 'Партнеры', ''),
(27, 14, 0, 'План экспозиции', '<p>Построение экспозиции Международного форума &quot;АРМИЯ-2015&quot; осуществляется <strong>по принципу сегментирования по тематическим разделам</strong> с учетом структуры Вооруженных Сил Российской Федерации и Минобороны России.</p>\r\n\r\n<p><img src="http://www.rusarmyexpo.ru/im_new.xp?q=049051048049055052049053048.jpg&amp;ql=1" /></p>\r\n\r\n<p><strong>В экспозиции в павильонах каждый вид, род войск ВС РФ, а также центральные органы военного управления будут представлены отдельными стендами, вокруг которых формируются экспозиции предприятий промышленности и организаций по тематике органов военного управления.</strong></p>\r\n\r\n<p><img src="http://www.rusarmyexpo.ru/im_new.xp?q=049051048049055052057057054.jpg&amp;ql=1" /></p>\r\n\r\n<p>Текущий план экспозиции форума</p>\r\n\r\n<p>План экспозиции Международного военно-технического форума &quot;АРМИЯ-2015&quot; ежедневно корректируется. Актуальный план экспозиции вы можете запросить в <a href="http://www.rusarmyexpo.ru/contacts">Дирекции Форума</a>.</p>\r\n\r\n<p><img alt="Скачать" src="http://www.rusarmyexpo.ru/i/icon-pdf.gif" /><a href="http://www.rusarmyexpo.ru/file_new.xp?idb=155096423&amp;fn=%D0%9F%D0%BB%D0%B0%D0%BD%20%D1%8D%D0%BA%D1%81%D0%BF%D0%BE%D0%B7%D0%B8%D1%86%D0%B8%D0%B8%20%D1%84%D0%BE%D1%80%D1%83%D0%BC%D0%B0%20%D0%90%D1%80%D0%BC%D0%B8%D1%8F15%20%D0%BD%D0%B0%2006-03-15.pdf&amp;size=1254710">План экспозиции форума Армия15 на 06-03-15.pdf</a></p>\r\n'),
(28, 14, 1, 'План экспозиции', ''),
(29, 15, 0, 'Тематические разделы', '<p>Тематические разделы</p>\r\n\r\n<ol>\r\n	<li>Беспилотные летательные аппараты и комплексы. Робототехнические комплексы</li>\r\n	<li>Биотехнологии</li>\r\n	<li>Боеприпасы всех видов и родов войск</li>\r\n	<li>Вооружение и средства РХБ защиты</li>\r\n	<li>Вооружение и техника Военно-воздушных Сил</li>\r\n	<li>Вооружение и техника Военно-морского Флота</li>\r\n	<li>Вооружение и техника Воздушно-десантных войск</li>\r\n	<li>Вооружение и техника войск Воздушно-космической обороны</li>\r\n	<li>Вооружение и техника Ракетных войск стратегического назначения</li>\r\n	<li>Вооружение и техника Сухопутных войск</li>\r\n	<li>Двигателестроение&nbsp;</li>\r\n	<li>Дорожные, строительные и грузоподъемные средства и механизмы</li>\r\n	<li>Информационные и телекоммуникационные технологии</li>\r\n	<li>Комплексные лаборатории, тренажеры, симуляторы</li>\r\n	<li>Лазерные технологии</li>\r\n	<li>Материалы и комплектующие в оборонной промышленности</li>\r\n	<li>Машиностроение в интересах оборонно-промышленного комплекса</li>\r\n	<li>Медицинское обеспечение Вооруженных Сил</li>\r\n	<li>Метрологическое обеспечение Вооружённых Сил</li>\r\n	<li>Модернизация и ремонт боевой техники и вооружения</li>\r\n	<li>Нетрадиционные виды вооружений</li>\r\n	<li>Новые виды топлива</li>\r\n	<li>Обеспечение безопасности военных объектов и военной службы</li>\r\n	<li>Оборудование и технологии утилизации вооружения, военной техники и боеприпасов</li>\r\n	<li>Оптика</li>\r\n	<li>Оптико-электронное оборудование и системы</li>\r\n	<li>Подготовка кадров в интересах ВС РФ и ОПК</li>\r\n	<li>Полигонное оборудование</li>\r\n	<li>Приборостроение</li>\r\n	<li>Продовольственное обеспечение. Оборудование столовых и пунктов питания</li>\r\n	<li>Ракетно-космические комплексы. Аэрокосмические технологии. Космические исследования в интересах Вооруженных Сил</li>\r\n	<li>Системы топогеодезического и навигационного обеспечения. Геоинформационные системы</li>\r\n	<li>Спасательное оборудование для работы в условиях чрезвычайных ситуаций и катастроф, техника и средства пожаротушения</li>\r\n	<li>Специальное оружие</li>\r\n	<li>Спортивные сооружения, экипировка, инвентарь</li>\r\n	<li>Средства и системы связи и автоматизированные системы управления войсками</li>\r\n	<li>Средства и техника инженерного вооружения</li>\r\n	<li>Средства индивидуальной и коллективной защиты</li>\r\n	<li>Средства массовой информации</li>\r\n	<li>Средства обеспечение безопасности полетов авиации Вооруженных Сил</li>\r\n	<li>Средства обеспечения деятельности военной полиции</li>\r\n	<li>Техника радиоэлектронной борьбы. Средства радиоразведки</li>\r\n	<li>Стрелковое оружие и средства ближнего боя</li>\r\n	<li>Строительство, капитальный ремонт, техническое содержание и эксплуатация материально-технической базы</li>\r\n	<li>Техника и оборудование Железнодорожных войск</li>\r\n	<li>Технические средства обучения и обеспечения боевой подготовки Вооруженных Сил</li>\r\n	<li>Тыловое обеспечение и снабжение войск. Обеспечение жизнедеятельности личного состава, быта военнослужащих и их семей</li>\r\n	<li>Экипировка и обмундирование военнослужащих</li>\r\n	<li>Электроника. Радиоэлектронные технологии</li>\r\n	<li>Энергетика. Интеллектуальная энергетика, водородная энергетика, микроисточники питания, аккумуляторные технологии, технологии электрогенераторов</li>\r\n</ol>\r\n'),
(30, 15, 1, 'Тематические разделы', '<p>Тематические разделы</p>\r\n\r\n<ol>\r\n	<li>Беспилотные летательные аппараты и комплексы. Робототехнические комплексы</li>\r\n	<li>Биотехнологии</li>\r\n	<li>Боеприпасы всех видов и родов войск</li>\r\n	<li>Вооружение и средства РХБ защиты</li>\r\n	<li>Вооружение и техника Военно-воздушных Сил</li>\r\n	<li>Вооружение и техника Военно-морского Флота</li>\r\n	<li>Вооружение и техника Воздушно-десантных войск</li>\r\n	<li>Вооружение и техника войск Воздушно-космической обороны</li>\r\n	<li>Вооружение и техника Ракетных войск стратегического назначения</li>\r\n	<li>Вооружение и техника Сухопутных войск</li>\r\n	<li>Двигателестроение&nbsp;</li>\r\n	<li>Дорожные, строительные и грузоподъемные средства и механизмы</li>\r\n	<li>Информационные и телекоммуникационные технологии</li>\r\n	<li>Комплексные лаборатории, тренажеры, симуляторы</li>\r\n	<li>Лазерные технологии</li>\r\n	<li>Материалы и комплектующие в оборонной промышленности</li>\r\n	<li>Машиностроение в интересах оборонно-промышленного комплекса</li>\r\n	<li>Медицинское обеспечение Вооруженных Сил</li>\r\n	<li>Метрологическое обеспечение Вооружённых Сил</li>\r\n	<li>Модернизация и ремонт боевой техники и вооружения</li>\r\n	<li>Нетрадиционные виды вооружений</li>\r\n	<li>Новые виды топлива</li>\r\n	<li>Обеспечение безопасности военных объектов и военной службы</li>\r\n	<li>Оборудование и технологии утилизации вооружения, военной техники и боеприпасов</li>\r\n	<li>Оптика</li>\r\n	<li>Оптико-электронное оборудование и системы</li>\r\n	<li>Подготовка кадров в интересах ВС РФ и ОПК</li>\r\n	<li>Полигонное оборудование</li>\r\n	<li>Приборостроение</li>\r\n	<li>Продовольственное обеспечение. Оборудование столовых и пунктов питания</li>\r\n	<li>Ракетно-космические комплексы. Аэрокосмические технологии. Космические исследования в интересах Вооруженных Сил</li>\r\n	<li>Системы топогеодезического и навигационного обеспечения. Геоинформационные системы</li>\r\n	<li>Спасательное оборудование для работы в условиях чрезвычайных ситуаций и катастроф, техника и средства пожаротушения</li>\r\n	<li>Специальное оружие</li>\r\n	<li>Спортивные сооружения, экипировка, инвентарь</li>\r\n	<li>Средства и системы связи и автоматизированные системы управления войсками</li>\r\n	<li>Средства и техника инженерного вооружения</li>\r\n	<li>Средства индивидуальной и коллективной защиты</li>\r\n	<li>Средства массовой информации</li>\r\n	<li>Средства обеспечение безопасности полетов авиации Вооруженных Сил</li>\r\n	<li>Средства обеспечения деятельности военной полиции</li>\r\n	<li>Техника радиоэлектронной борьбы. Средства радиоразведки</li>\r\n	<li>Стрелковое оружие и средства ближнего боя</li>\r\n	<li>Строительство, капитальный ремонт, техническое содержание и эксплуатация материально-технической базы</li>\r\n	<li>Техника и оборудование Железнодорожных войск</li>\r\n	<li>Технические средства обучения и обеспечения боевой подготовки Вооруженных Сил</li>\r\n	<li>Тыловое обеспечение и снабжение войск. Обеспечение жизнедеятельности личного состава, быта военнослужащих и их семей</li>\r\n	<li>Экипировка и обмундирование военнослужащих</li>\r\n	<li>Электроника. Радиоэлектронные технологии</li>\r\n	<li>Энергетика. Интеллектуальная энергетика, водородная энергетика, микроисточники питания, аккумуляторные технологии, технологии электрогенераторов</li>\r\n</ol>\r\n'),
(33, 16, 0, 'Демонстрационная программа', '<p>Демонстрационная программа Международного военно-технического форума &quot;АРМИЯ-2015&quot; находится в стадии формирования и будет включать в себя мероприятия по показу образцов продукции, представленной на выставке предприятиями ОПК и Министерством обороны Российской Федерации.</p>\r\n\r\n<h2>Основные составляющие демонстрационной программы:</h2>\r\n\r\n<ul>\r\n	<li>Сухопутный кластер (полигон &quot;Алабино&quot;)</li>\r\n	<li>Авиационный кластер (аэродром &laquo;Кубинка&raquo;)</li>\r\n	<li>Водный кластер (гидротехнические сооружения полигона &quot;Алабино&quot;)</li>\r\n</ul>\r\n\r\n<p>В рамках демонстрационной программы Международного военно-технического форума &laquo;АРМИЯ-2015&raquo; из наличия Минобороны России планируется представить более 120 единиц современной боевой техники Сухопутных войск, Военно-воздушных сил, Войск воздушно-космической обороны, Воздушно-десантных войск и Военно-Морского Флота.<br />\r\n<br />\r\nОсновными способами демонстрации боевой техники будет являться показ ее ходовых качеств и огневых возможностей.</p>\r\n\r\n<h2>Сухопутный демонстрационный кластер:</h2>\r\n\r\n<p>Наиболее полно предельные динамические, меневренные характеристики и возможности автомобильной и бронетанковой техники планируется показать на специально оборудованной трассе, включающей в себя: скоростные участки, завал из труб, комбинированные уклоны, горку, стенку, трамплин, водные препятствия, ограниченные проход между столбами (&ldquo;змейку&rdquo;), противотанковый ров, колейный мост.<br />\r\n<br />\r\nОгневые возможности и вооружения и боевой техники будут продемонстрированы на танковой директрисе ведением огня на предельные дальности из всех видов вооружения танков и боевых машин различными типами боеприпасов, в том числе противотанковыми управляемыми ракетами, различными способами ( с ходу, с коротких остановок, с борта) по бронированным и небронированным целям.<br />\r\n<br />\r\n<strong>Для демонстрационного показа на сухопутном демонстрационном кластере привлекаются:</strong><br />\r\nСухопутные войска &ndash; 75 ед. (танков &ndash; 10 ед., САУ &ndash; 10 ед., БМП &ndash; 5 ед., БТР &ndash; 5 ед., автомобильной техники &ndash; 25 ед., роботизированная техника &ndash; 10 ед., комплексы БЛА &ndash; 10 к-тов).</p>\r\n\r\n<h2>Авиационный демонстрационный кластер:</h2>\r\n\r\n<p>Показ возможностей авиационной техники будет представлен показательными выступлениями авиационных пилотажных групп &laquo;Русские витязи&raquo; (6 ед. Су-27), &laquo;Стрижи&raquo; (4 ед. &ndash; МиГ-29), &laquo;Беркуты России&raquo; (6 ед. &ndash; Ми-28Н) демонстрацией высшего пилотажа и пилотажа в составе групп и одиночно.<br />\r\n<br />\r\nКроме того, участникам Форума будут продемонстрированы: маневренный воздушный бой, нанесение одиночных и групповых авиаударов по наземным целям, а также высадка десанта беспарашютным способом (по тросу).<br />\r\nБудут организованы выступления личного состава подразделений специального назначения Воздушно-десантных войск.<br />\r\n<br />\r\n<strong>Для демонстрационного показа на авиационном демонстрационном кластере привлекаются:</strong><br />\r\nВВС &ndash; 43 ед. (самолетов &ndash; 19 ед., вертолетов &ndash; 12 ед., ВВТ ПВО &ndash; 12 ед.)<br />\r\nВойска ВКО &ndash; 3 ед.</p>\r\n\r\n<h2>Водный демонстрационный кластер:</h2>\r\n\r\n<p>На водоеме полигона &quot;Алабино&quot; будут представлены возможности вооружения военной и специальной техники по преодолению водных преград, включающее в себя групповое маневрирование боевых машин на плаву, показ возможностей десантно-переправочных средств по переправе войск и паромов по грузоподъемности, а также вождение танков под водой и по глубокому броду.<br />\r\n<br />\r\n<strong>Для демонстрационного показа на водном демонстрационном кластере привлекаются:</strong><br />\r\nВМФ &ndash; 8 ед.</p>\r\n'),
(34, 16, 1, 'Демонстрационная программа', '<p>Демонстрационная программа Международного военно-технического форума &quot;АРМИЯ-2015&quot; находится в стадии формирования и будет включать в себя мероприятия по показу образцов продукции, представленной на выставке предприятиями ОПК и Министерством обороны Российской Федерации.</p>\r\n\r\n<h2>Основные составляющие демонстрационной программы:</h2>\r\n\r\n<ul>\r\n	<li>Сухопутный кластер (полигон &quot;Алабино&quot;)</li>\r\n	<li>Авиационный кластер (аэродром &laquo;Кубинка&raquo;)</li>\r\n	<li>Водный кластер (гидротехнические сооружения полигона &quot;Алабино&quot;)</li>\r\n</ul>\r\n\r\n<p>В рамках демонстрационной программы Международного военно-технического форума &laquo;АРМИЯ-2015&raquo; из наличия Минобороны России планируется представить более 120 единиц современной боевой техники Сухопутных войск, Военно-воздушных сил, Войск воздушно-космической обороны, Воздушно-десантных войск и Военно-Морского Флота.<br />\r\n<br />\r\nОсновными способами демонстрации боевой техники будет являться показ ее ходовых качеств и огневых возможностей.</p>\r\n\r\n<h2>Сухопутный демонстрационный кластер:</h2>\r\n\r\n<p>Наиболее полно предельные динамические, меневренные характеристики и возможности автомобильной и бронетанковой техники планируется показать на специально оборудованной трассе, включающей в себя: скоростные участки, завал из труб, комбинированные уклоны, горку, стенку, трамплин, водные препятствия, ограниченные проход между столбами (&ldquo;змейку&rdquo;), противотанковый ров, колейный мост.<br />\r\n<br />\r\nОгневые возможности и вооружения и боевой техники будут продемонстрированы на танковой директрисе ведением огня на предельные дальности из всех видов вооружения танков и боевых машин различными типами боеприпасов, в том числе противотанковыми управляемыми ракетами, различными способами ( с ходу, с коротких остановок, с борта) по бронированным и небронированным целям.<br />\r\n<br />\r\n<strong>Для демонстрационного показа на сухопутном демонстрационном кластере привлекаются:</strong><br />\r\nСухопутные войска &ndash; 75 ед. (танков &ndash; 10 ед., САУ &ndash; 10 ед., БМП &ndash; 5 ед., БТР &ndash; 5 ед., автомобильной техники &ndash; 25 ед., роботизированная техника &ndash; 10 ед., комплексы БЛА &ndash; 10 к-тов).</p>\r\n\r\n<h2>Авиационный демонстрационный кластер:</h2>\r\n\r\n<p>Показ возможностей авиационной техники будет представлен показательными выступлениями авиационных пилотажных групп &laquo;Русские витязи&raquo; (6 ед. Су-27), &laquo;Стрижи&raquo; (4 ед. &ndash; МиГ-29), &laquo;Беркуты России&raquo; (6 ед. &ndash; Ми-28Н) демонстрацией высшего пилотажа и пилотажа в составе групп и одиночно.<br />\r\n<br />\r\nКроме того, участникам Форума будут продемонстрированы: маневренный воздушный бой, нанесение одиночных и групповых авиаударов по наземным целям, а также высадка десанта беспарашютным способом (по тросу).<br />\r\nБудут организованы выступления личного состава подразделений специального назначения Воздушно-десантных войск.<br />\r\n<br />\r\n<strong>Для демонстрационного показа на авиационном демонстрационном кластере привлекаются:</strong><br />\r\nВВС &ndash; 43 ед. (самолетов &ndash; 19 ед., вертолетов &ndash; 12 ед., ВВТ ПВО &ndash; 12 ед.)<br />\r\nВойска ВКО &ndash; 3 ед.</p>\r\n\r\n<h2>Водный демонстрационный кластер:</h2>\r\n\r\n<p>На водоеме полигона &quot;Алабино&quot; будут представлены возможности вооружения военной и специальной техники по преодолению водных преград, включающее в себя групповое маневрирование боевых машин на плаву, показ возможностей десантно-переправочных средств по переправе войск и паромов по грузоподъемности, а также вождение танков под водой и по глубокому броду.<br />\r\n<br />\r\n<strong>Для демонстрационного показа на водном демонстрационном кластере привлекаются:</strong><br />\r\nВМФ &ndash; 8 ед.</p>\r\n'),
(35, 17, 0, 'Участие в деловой программе', '<p>Персонал Участника Форума может принимать участие во всех мероприятиях деловой программы Форума, за исключением мероприятий, требующих персонального приглашения.</p>\r\n\r\n<p><strong>Организация собственных мероприятий в рамках деловой программы:</strong></p>\r\n\r\n<p>Организации-Участники Форума могут подать на рассмотрение в Дирекцию Форума не позднее&nbsp;<strong>15 марта 2015 года</strong>&nbsp;заявку на организацию собственных мероприятий в рамках деловой программы Форума (конференции, &laquo;круглого стола&raquo; и т. п.). При подтверждении заявки организатором и Дирекцией Форума Участник обязан оформить Приложение №3 к Договору и своевременно оплатить стоимость услуг. Дирекция Форума включает это мероприятие в общую деловую программу и оставляет за собой право корректировать дату и время проведения мероприятия по согласованию с Участником.&nbsp;</p>\r\n\r\n<p><strong>Участие в мероприятии в рамках деловой программы без доклада / с докладом:</strong></p>\r\n\r\n<p>Участникам Форума, заинтересованным в участии в мероприятиях деловой программы Форума, необходимо заранее (до 15 марта 2015 года) предоставить заявку в Дирекцию Форума с указанием наименования мероприятия, формы участия (с докладом/без доклада), темы доклада и материалов в виде тезисов.</p>\r\n\r\n<p>Предполагаемые доклады проходят предварительное согласование с Организатором мероприятия. Материалы должны отвечать следующим требованиям: объем тезисов докладов должен составлять две машинописные страницы (3600 знаков, включая пробелы). Все материалы предоставляются только в электронном виде в формате MS Word (кодировка Windows, шрифт Times New Roman, размер шрифта - 12, интервал - одинарный). Иллюстрации не допускаются.</p>\r\n\r\n<p>Необходимо указать следующие сведения в заданной последовательности:</p>\r\n\r\n<ul>\r\n	<li>мероприятие Деловой программы Форума, на котором предполагается выступление Участника;</li>\r\n	<li>тема выступления;</li>\r\n	<li>фамилия, имя, отчество докладчика(-ов) полностью;</li>\r\n	<li>полное наименование организации и занимаемую должность;</li>\r\n	<li>почтовый адрес организации;</li>\r\n	<li>номер телефона и факса;</li>\r\n	<li>адрес электронной почты;</li>\r\n	<li>далее текст с тезисами доклада.</li>\r\n</ul>\r\n\r\n<p>Если авторы представляют разные организации, документ составляется отдельно на каждую организацию. Тезисы, оформленные должным образом, необходимо представить в дирекцию Форума на электронном носителе или по e-mail :&nbsp;<a href="https://mail.google.com/mail/?view=cm&amp;fs=1&amp;tf=1&amp;to=info@rusarmyexpo.com&amp;su=%D0%A3%D1%87%D0%B0%D1%81%D1%82%D0%B8%D0%B5%20%D0%B2%20%D0%BD%D0%B0%D1%83%D1%87%D0%BD%D0%BE-%D0%B4%D0%B5%D0%BB%D0%BE%D0%B2%D0%BE%D0%B9%20%D0%BF%D1%80%D0%BE%D0%B3%D1%80%D0%B0%D0%BC%D0%BC%D0%B5" target="_blank">info@rusarmyexpo.com</a></p>\r\n'),
(36, 17, 1, 'Участие в деловой программе', '<p>Персонал Участника Форума может принимать участие во всех мероприятиях деловой программы Форума, за исключением мероприятий, требующих персонального приглашения.</p>\r\n\r\n<p><strong>Организация собственных мероприятий в рамках деловой программы:</strong></p>\r\n\r\n<p>Организации-Участники Форума могут подать на рассмотрение в Дирекцию Форума не позднее&nbsp;<strong>15 марта 2015 года</strong>&nbsp;заявку на организацию собственных мероприятий в рамках деловой программы Форума (конференции, &laquo;круглого стола&raquo; и т. п.). При подтверждении заявки организатором и Дирекцией Форума Участник обязан оформить Приложение №3 к Договору и своевременно оплатить стоимость услуг. Дирекция Форума включает это мероприятие в общую деловую программу и оставляет за собой право корректировать дату и время проведения мероприятия по согласованию с Участником.&nbsp;</p>\r\n\r\n<p><strong>Участие в мероприятии в рамках деловой программы без доклада / с докладом:</strong></p>\r\n\r\n<p>Участникам Форума, заинтересованным в участии в мероприятиях деловой программы Форума, необходимо заранее (до 15 марта 2015 года) предоставить заявку в Дирекцию Форума с указанием наименования мероприятия, формы участия (с докладом/без доклада), темы доклада и материалов в виде тезисов.</p>\r\n\r\n<p>Предполагаемые доклады проходят предварительное согласование с Организатором мероприятия. Материалы должны отвечать следующим требованиям: объем тезисов докладов должен составлять две машинописные страницы (3600 знаков, включая пробелы). Все материалы предоставляются только в электронном виде в формате MS Word (кодировка Windows, шрифт Times New Roman, размер шрифта - 12, интервал - одинарный). Иллюстрации не допускаются.</p>\r\n\r\n<p>Необходимо указать следующие сведения в заданной последовательности:</p>\r\n\r\n<ul>\r\n	<li>мероприятие Деловой программы Форума, на котором предполагается выступление Участника;</li>\r\n	<li>тема выступления;</li>\r\n	<li>фамилия, имя, отчество докладчика(-ов) полностью;</li>\r\n	<li>полное наименование организации и занимаемую должность;</li>\r\n	<li>почтовый адрес организации;</li>\r\n	<li>номер телефона и факса;</li>\r\n	<li>адрес электронной почты;</li>\r\n	<li>далее текст с тезисами доклада.</li>\r\n</ul>\r\n\r\n<p>Если авторы представляют разные организации, документ составляется отдельно на каждую организацию. Тезисы, оформленные должным образом, необходимо представить в дирекцию Форума на электронном носителе или по e-mail :&nbsp;<a href="https://mail.google.com/mail/?view=cm&amp;fs=1&amp;tf=1&amp;to=info@rusarmyexpo.com&amp;su=%D0%A3%D1%87%D0%B0%D1%81%D1%82%D0%B8%D0%B5%20%D0%B2%20%D0%BD%D0%B0%D1%83%D1%87%D0%BD%D0%BE-%D0%B4%D0%B5%D0%BB%D0%BE%D0%B2%D0%BE%D0%B9%20%D0%BF%D1%80%D0%BE%D0%B3%D1%80%D0%B0%D0%BC%D0%BC%D0%B5" target="_blank">info@rusarmyexpo.com</a></p>\r\n');

SET FOREIGN_KEY_CHECKS=1;