INSERT INTO `auth_assignment` (`item_name`, `user_id`, `created_at`) VALUES
('Admin', 1, 1423832884),
('Admin', 25, 1424184742),
('User', 24, 1424184008);

INSERT INTO `auth_item` (`name`, `type`, `description`, `rule_name`, `data`, `created_at`, `updated_at`, `group_code`) VALUES
('/*', 3, NULL, NULL, NULL, 1423819705, 1423819705, NULL),
('/articles/*', 3, NULL, NULL, NULL, 1427277245, 1427277245, NULL),
('/articles/create', 3, NULL, NULL, NULL, 1427277245, 1427277245, NULL),
('/articles/delete', 3, NULL, NULL, NULL, 1427277245, 1427277245, NULL),
('/articles/index', 3, NULL, NULL, NULL, 1427277245, 1427277245, NULL),
('/articles/update', 3, NULL, NULL, NULL, 1427277245, 1427277245, NULL),
('/articles/view', 3, NULL, NULL, NULL, 1427277245, 1427277245, NULL),
('/content/*', 3, NULL, NULL, NULL, 1427277245, 1427277245, NULL),
('/content/create', 3, NULL, NULL, NULL, 1427277245, 1427277245, NULL),
('/content/delete', 3, NULL, NULL, NULL, 1427277245, 1427277245, NULL),
('/content/index', 3, NULL, NULL, NULL, 1427277245, 1427277245, NULL),
('/content/update', 3, NULL, NULL, NULL, 1427277245, 1427277245, NULL),
('/content/view', 3, NULL, NULL, NULL, 1427277245, 1427277245, NULL),
('/datecontrol/*', 3, NULL, NULL, NULL, 1427277245, 1427277245, NULL),
('/datecontrol/parse/*', 3, NULL, NULL, NULL, 1427277245, 1427277245, NULL),
('/datecontrol/parse/convert', 3, NULL, NULL, NULL, 1427277245, 1427277245, NULL),
('/debug/*', 3, NULL, NULL, NULL, 1424096196, 1424096196, NULL),
('/debug/default/*', 3, NULL, NULL, NULL, 1424096196, 1424096196, NULL),
('/debug/default/download-mail', 3, NULL, NULL, NULL, 1424096196, 1424096196, NULL),
('/debug/default/index', 3, NULL, NULL, NULL, 1424096196, 1424096196, NULL),
('/debug/default/toolbar', 3, NULL, NULL, NULL, 1424096196, 1424096196, NULL),
('/debug/default/view', 3, NULL, NULL, NULL, 1424096196, 1424096196, NULL),
('/gii/*', 3, NULL, NULL, NULL, 1423819706, 1423819706, NULL),
('/gii/default/*', 3, NULL, NULL, NULL, 1423819706, 1423819706, NULL),
('/gii/default/action', 3, NULL, NULL, NULL, 1423819706, 1423819706, NULL),
('/gii/default/diff', 3, NULL, NULL, NULL, 1423819706, 1423819706, NULL),
('/gii/default/index', 3, NULL, NULL, NULL, 1423819706, 1423819706, NULL),
('/gii/default/preview', 3, NULL, NULL, NULL, 1423819706, 1423819706, NULL),
('/gii/default/view', 3, NULL, NULL, NULL, 1423819706, 1423819706, NULL),
('/language/*', 3, NULL, NULL, NULL, 1425627115, 1425627115, NULL),
('/language/create', 3, NULL, NULL, NULL, 1425627115, 1425627115, NULL),
('/language/delete', 3, NULL, NULL, NULL, 1425627115, 1425627115, NULL),
('/language/index', 3, NULL, NULL, NULL, 1425627115, 1425627115, NULL),
('/language/update', 3, NULL, NULL, NULL, 1425627115, 1425627115, NULL),
('/language/view', 3, NULL, NULL, NULL, 1425627115, 1425627115, NULL),
('/media-type/*', 3, NULL, NULL, NULL, 1425627114, 1425627114, NULL),
('/media-type/create', 3, NULL, NULL, NULL, 1425627115, 1425627115, NULL),
('/media-type/delete', 3, NULL, NULL, NULL, 1425627115, 1425627115, NULL),
('/media-type/index', 3, NULL, NULL, NULL, 1425627115, 1425627115, NULL),
('/media-type/update', 3, NULL, NULL, NULL, 1425627115, 1425627115, NULL),
('/media-type/view', 3, NULL, NULL, NULL, 1425627115, 1425627115, NULL),
('/media/', 2, '', NULL, NULL, 1427276829, 1427276829, 'userManagement'),
('/media/*', 3, NULL, NULL, NULL, 1427277245, 1427277245, NULL),
('/media/create', 3, NULL, NULL, NULL, 1427277245, 1427277245, NULL),
('/media/delete', 3, NULL, NULL, NULL, 1427277245, 1427277245, NULL),
('/media/index', 3, NULL, NULL, NULL, 1427277245, 1427277245, NULL),
('/media/quickload', 3, NULL, NULL, NULL, 1427277245, 1427277245, NULL),
('/media/update', 3, NULL, NULL, NULL, 1427277245, 1427277245, NULL),
('/media/view', 3, NULL, NULL, NULL, 1427277245, 1427277245, NULL),
('/media/viewitem', 3, NULL, NULL, NULL, 1427277245, 1427277245, NULL),
('/news/', 2, '', NULL, NULL, 1425634622, 1427277409, 'userManagement'),
('/news/*', 3, NULL, NULL, NULL, 1425627114, 1425627114, NULL),
('/news/create', 3, NULL, NULL, NULL, 1425627114, 1425627114, NULL),
('/news/delete', 3, NULL, NULL, NULL, 1425627114, 1425627114, NULL),
('/news/index', 3, NULL, NULL, NULL, 1425627114, 1425627114, NULL),
('/news/update', 3, NULL, NULL, NULL, 1425627114, 1425627114, NULL),
('/news/view', 3, NULL, NULL, NULL, 1425627114, 1425627114, NULL),
('/node/*', 3, NULL, NULL, NULL, 1427277245, 1427277245, NULL),
('/node/index', 3, NULL, NULL, NULL, 1427277245, 1427277245, NULL),
('/node/manage', 3, NULL, NULL, NULL, 1427277245, 1427277245, NULL),
('/node/move', 3, NULL, NULL, NULL, 1427277245, 1427277245, NULL),
('/node/remove', 3, NULL, NULL, NULL, 1427277245, 1427277245, NULL),
('/node/save', 3, NULL, NULL, NULL, 1427277245, 1427277245, NULL),
('/organizations-type/*', 3, NULL, NULL, NULL, 1427277245, 1427277245, NULL),
('/organizations-type/create', 3, NULL, NULL, NULL, 1427277245, 1427277245, NULL),
('/organizations-type/delete', 3, NULL, NULL, NULL, 1427277245, 1427277245, NULL),
('/organizations-type/index', 3, NULL, NULL, NULL, 1427277245, 1427277245, NULL),
('/organizations-type/update', 3, NULL, NULL, NULL, 1427277245, 1427277245, NULL),
('/organizations-type/view', 3, NULL, NULL, NULL, 1427277245, 1427277245, NULL),
('/organizations/*', 3, NULL, NULL, NULL, 1427277245, 1427277245, NULL),
('/organizations/create', 3, NULL, NULL, NULL, 1427277245, 1427277245, NULL),
('/organizations/delete', 3, NULL, NULL, NULL, 1427277245, 1427277245, NULL),
('/organizations/index', 3, NULL, NULL, NULL, 1427277245, 1427277245, NULL),
('/organizations/update', 3, NULL, NULL, NULL, 1427277245, 1427277245, NULL),
('/organizations/view', 3, NULL, NULL, NULL, 1427277245, 1427277245, NULL),
('/site/*', 3, NULL, NULL, NULL, 1424096195, 1424096195, NULL),
('/site/error', 3, NULL, NULL, NULL, 1424096195, 1424096195, NULL),
('/site/index', 3, NULL, NULL, NULL, 1424096195, 1424096195, NULL),
('/treemanager/*', 3, NULL, NULL, NULL, 1427277245, 1427277245, NULL),
('/user-management/*', 3, NULL, NULL, NULL, 1423819705, 1423819705, NULL),
('/user-management/auth-item-group/*', 3, NULL, NULL, NULL, 1423819706, 1423819706, NULL),
('/user-management/auth-item-group/bulk-activate', 3, NULL, NULL, NULL, 1423819706, 1423819706, NULL),
('/user-management/auth-item-group/bulk-deactivate', 3, NULL, NULL, NULL, 1423819706, 1423819706, NULL),
('/user-management/auth-item-group/bulk-delete', 3, NULL, NULL, NULL, 1423819706, 1423819706, NULL),
('/user-management/auth-item-group/create', 3, NULL, NULL, NULL, 1423819706, 1423819706, NULL),
('/user-management/auth-item-group/delete', 3, NULL, NULL, NULL, 1423819706, 1423819706, NULL),
('/user-management/auth-item-group/grid-page-size', 3, NULL, NULL, NULL, 1423819706, 1423819706, NULL),
('/user-management/auth-item-group/grid-sort', 3, NULL, NULL, NULL, 1423819706, 1423819706, NULL),
('/user-management/auth-item-group/index', 3, NULL, NULL, NULL, 1423819706, 1423819706, NULL),
('/user-management/auth-item-group/toggle-attribute', 3, NULL, NULL, NULL, 1423819706, 1423819706, NULL),
('/user-management/auth-item-group/update', 3, NULL, NULL, NULL, 1423819706, 1423819706, NULL),
('/user-management/auth-item-group/view', 3, NULL, NULL, NULL, 1423819706, 1423819706, NULL),
('/user-management/auth/*', 3, NULL, NULL, NULL, 1423819706, 1423819706, NULL),
('/user-management/auth/change-own-password', 3, NULL, NULL, NULL, 1423819706, 1423819706, NULL),
('/user-management/auth/confirm-email', 3, NULL, NULL, NULL, 1423819706, 1423819706, NULL),
('/user-management/auth/confirm-email-receive', 3, NULL, NULL, NULL, 1423819706, 1423819706, NULL),
('/user-management/auth/confirm-registration-email', 3, NULL, NULL, NULL, 1425627115, 1425627115, NULL),
('/user-management/auth/login', 3, NULL, NULL, NULL, 1423819706, 1423819706, NULL),
('/user-management/auth/logout', 3, NULL, NULL, NULL, 1423819706, 1423819706, NULL),
('/user-management/auth/password-recovery', 3, NULL, NULL, NULL, 1423819706, 1423819706, NULL),
('/user-management/auth/password-recovery-receive', 3, NULL, NULL, NULL, 1423819706, 1423819706, NULL),
('/user-management/auth/registration', 3, NULL, NULL, NULL, 1423819706, 1423819706, NULL),
('/user-management/permission/*', 3, NULL, NULL, NULL, 1423819706, 1423819706, NULL),
('/user-management/permission/bulk-activate', 3, NULL, NULL, NULL, 1423819706, 1423819706, NULL),
('/user-management/permission/bulk-deactivate', 3, NULL, NULL, NULL, 1423819706, 1423819706, NULL),
('/user-management/permission/bulk-delete', 3, NULL, NULL, NULL, 1423819706, 1423819706, NULL),
('/user-management/permission/create', 3, NULL, NULL, NULL, 1423819706, 1423819706, NULL),
('/user-management/permission/delete', 3, NULL, NULL, NULL, 1423819706, 1423819706, NULL),
('/user-management/permission/grid-page-size', 3, NULL, NULL, NULL, 1423819706, 1423819706, NULL),
('/user-management/permission/grid-sort', 3, NULL, NULL, NULL, 1423819706, 1423819706, NULL),
('/user-management/permission/index', 3, NULL, NULL, NULL, 1423819706, 1423819706, NULL),
('/user-management/permission/refresh-routes', 3, NULL, NULL, NULL, 1423819706, 1423819706, NULL),
('/user-management/permission/set-child-permissions', 3, NULL, NULL, NULL, 1423819706, 1423819706, NULL),
('/user-management/permission/set-child-routes', 3, NULL, NULL, NULL, 1423819706, 1423819706, NULL),
('/user-management/permission/toggle-attribute', 3, NULL, NULL, NULL, 1423819706, 1423819706, NULL),
('/user-management/permission/update', 3, NULL, NULL, NULL, 1423819706, 1423819706, NULL),
('/user-management/permission/view', 3, NULL, NULL, NULL, 1423819706, 1423819706, NULL),
('/user-management/role/*', 3, NULL, NULL, NULL, 1423819705, 1423819705, NULL),
('/user-management/role/bulk-activate', 3, NULL, NULL, NULL, 1423819705, 1423819705, NULL),
('/user-management/role/bulk-deactivate', 3, NULL, NULL, NULL, 1423819705, 1423819705, NULL),
('/user-management/role/bulk-delete', 3, NULL, NULL, NULL, 1423819705, 1423819705, NULL),
('/user-management/role/create', 3, NULL, NULL, NULL, 1423819705, 1423819705, NULL),
('/user-management/role/delete', 3, NULL, NULL, NULL, 1423819705, 1423819705, NULL),
('/user-management/role/grid-page-size', 3, NULL, NULL, NULL, 1423819705, 1423819705, NULL),
('/user-management/role/grid-sort', 3, NULL, NULL, NULL, 1423819705, 1423819705, NULL),
('/user-management/role/index', 3, NULL, NULL, NULL, 1423819705, 1423819705, NULL),
('/user-management/role/set-child-permissions', 3, NULL, NULL, NULL, 1423819705, 1423819705, NULL),
('/user-management/role/set-child-roles', 3, NULL, NULL, NULL, 1423819705, 1423819705, NULL),
('/user-management/role/toggle-attribute', 3, NULL, NULL, NULL, 1423819705, 1423819705, NULL),
('/user-management/role/update', 3, NULL, NULL, NULL, 1423819705, 1423819705, NULL),
('/user-management/role/view', 3, NULL, NULL, NULL, 1423819705, 1423819705, NULL),
('/user-management/user-permission/*', 3, NULL, NULL, NULL, 1423819705, 1423819705, NULL),
('/user-management/user-permission/set', 3, NULL, NULL, NULL, 1423819705, 1423819705, NULL),
('/user-management/user-permission/set-roles', 3, NULL, NULL, NULL, 1423819705, 1423819705, NULL),
('/user-management/user-visit-log/*', 3, NULL, NULL, NULL, 1423819705, 1423819705, NULL),
('/user-management/user-visit-log/bulk-activate', 3, NULL, NULL, NULL, 1423819705, 1423819705, NULL),
('/user-management/user-visit-log/bulk-deactivate', 3, NULL, NULL, NULL, 1423819705, 1423819705, NULL),
('/user-management/user-visit-log/bulk-delete', 3, NULL, NULL, NULL, 1423819705, 1423819705, NULL),
('/user-management/user-visit-log/create', 3, NULL, NULL, NULL, 1423819705, 1423819705, NULL),
('/user-management/user-visit-log/delete', 3, NULL, NULL, NULL, 1423819705, 1423819705, NULL),
('/user-management/user-visit-log/grid-page-size', 3, NULL, NULL, NULL, 1423819705, 1423819705, NULL),
('/user-management/user-visit-log/grid-sort', 3, NULL, NULL, NULL, 1423819705, 1423819705, NULL),
('/user-management/user-visit-log/index', 3, NULL, NULL, NULL, 1423819705, 1423819705, NULL),
('/user-management/user-visit-log/toggle-attribute', 3, NULL, NULL, NULL, 1423819705, 1423819705, NULL),
('/user-management/user-visit-log/update', 3, NULL, NULL, NULL, 1423819705, 1423819705, NULL),
('/user-management/user-visit-log/view', 3, NULL, NULL, NULL, 1423819705, 1423819705, NULL),
('/user-management/user/*', 3, NULL, NULL, NULL, 1423819705, 1423819705, NULL),
('/user-management/user/bulk-activate', 3, NULL, NULL, NULL, 1423819705, 1423819705, NULL),
('/user-management/user/bulk-deactivate', 3, NULL, NULL, NULL, 1423819705, 1423819705, NULL),
('/user-management/user/bulk-delete', 3, NULL, NULL, NULL, 1423819705, 1423819705, NULL),
('/user-management/user/change-password', 3, NULL, NULL, NULL, 1423819705, 1423819705, NULL),
('/user-management/user/create', 3, NULL, NULL, NULL, 1423819705, 1423819705, NULL),
('/user-management/user/delete', 3, NULL, NULL, NULL, 1423819705, 1423819705, NULL),
('/user-management/user/grid-page-size', 3, NULL, NULL, NULL, 1423819705, 1423819705, NULL),
('/user-management/user/grid-sort', 3, NULL, NULL, NULL, 1423819705, 1423819705, NULL),
('/user-management/user/index', 3, NULL, NULL, NULL, 1423819705, 1423819705, NULL),
('/user-management/user/toggle-attribute', 3, NULL, NULL, NULL, 1423819705, 1423819705, NULL),
('/user-management/user/update', 3, NULL, NULL, NULL, 1423819705, 1423819705, NULL),
('/user-management/user/view', 3, NULL, NULL, NULL, 1423819705, 1423819705, NULL),
('/user/auth-item-group/*', 3, NULL, NULL, NULL, 1425627114, 1425627114, NULL),
('/user/auth-item-group/bulk-activate', 3, NULL, NULL, NULL, 1425627114, 1425627114, NULL),
('/user/auth-item-group/bulk-deactivate', 3, NULL, NULL, NULL, 1425627114, 1425627114, NULL),
('/user/auth-item-group/bulk-delete', 3, NULL, NULL, NULL, 1425627114, 1425627114, NULL),
('/user/auth-item-group/create', 3, NULL, NULL, NULL, 1425627114, 1425627114, NULL),
('/user/auth-item-group/delete', 3, NULL, NULL, NULL, 1425627114, 1425627114, NULL),
('/user/auth-item-group/grid-page-size', 3, NULL, NULL, NULL, 1425627114, 1425627114, NULL),
('/user/auth-item-group/grid-sort', 3, NULL, NULL, NULL, 1425627114, 1425627114, NULL),
('/user/auth-item-group/index', 3, NULL, NULL, NULL, 1425627114, 1425627114, NULL),
('/user/auth-item-group/toggle-attribute', 3, NULL, NULL, NULL, 1425627114, 1425627114, NULL),
('/user/auth-item-group/update', 3, NULL, NULL, NULL, 1425627114, 1425627114, NULL),
('/user/auth-item-group/view', 3, NULL, NULL, NULL, 1425627114, 1425627114, NULL),
('/user/auth/*', 3, NULL, NULL, NULL, 1425627114, 1425627114, NULL),
('/user/auth/change-own-password', 3, NULL, NULL, NULL, 1425627114, 1425627114, NULL),
('/user/auth/confirm-email', 3, NULL, NULL, NULL, 1425627114, 1425627114, NULL),
('/user/auth/confirm-email-receive', 3, NULL, NULL, NULL, 1425627114, 1425627114, NULL),
('/user/auth/confirm-registration-email', 3, NULL, NULL, NULL, 1425627114, 1425627114, NULL),
('/user/auth/login', 3, NULL, NULL, NULL, 1425627114, 1425627114, NULL),
('/user/auth/logout', 3, NULL, NULL, NULL, 1425627114, 1425627114, NULL),
('/user/auth/password-recovery', 3, NULL, NULL, NULL, 1425627114, 1425627114, NULL),
('/user/auth/password-recovery-receive', 3, NULL, NULL, NULL, 1425627114, 1425627114, NULL),
('/user/auth/registration', 3, NULL, NULL, NULL, 1425627114, 1425627114, NULL),
('/user/permission/*', 3, NULL, NULL, NULL, 1425627114, 1425627114, NULL),
('/user/permission/bulk-activate', 3, NULL, NULL, NULL, 1425627114, 1425627114, NULL),
('/user/permission/bulk-deactivate', 3, NULL, NULL, NULL, 1425627114, 1425627114, NULL),
('/user/permission/bulk-delete', 3, NULL, NULL, NULL, 1425627114, 1425627114, NULL),
('/user/permission/create', 3, NULL, NULL, NULL, 1425627114, 1425627114, NULL),
('/user/permission/delete', 3, NULL, NULL, NULL, 1425627114, 1425627114, NULL),
('/user/permission/grid-page-size', 3, NULL, NULL, NULL, 1425627114, 1425627114, NULL),
('/user/permission/grid-sort', 3, NULL, NULL, NULL, 1425627114, 1425627114, NULL),
('/user/permission/index', 3, NULL, NULL, NULL, 1425627114, 1425627114, NULL),
('/user/permission/refresh-routes', 3, NULL, NULL, NULL, 1425627114, 1425627114, NULL),
('/user/permission/set-child-permissions', 3, NULL, NULL, NULL, 1425627114, 1425627114, NULL),
('/user/permission/set-child-routes', 3, NULL, NULL, NULL, 1425627114, 1425627114, NULL),
('/user/permission/toggle-attribute', 3, NULL, NULL, NULL, 1425627114, 1425627114, NULL),
('/user/permission/update', 3, NULL, NULL, NULL, 1425627114, 1425627114, NULL),
('/user/permission/view', 3, NULL, NULL, NULL, 1425627114, 1425627114, NULL),
('/user/role/*', 3, NULL, NULL, NULL, 1425627114, 1425627114, NULL),
('/user/role/bulk-activate', 3, NULL, NULL, NULL, 1425627114, 1425627114, NULL),
('/user/role/bulk-deactivate', 3, NULL, NULL, NULL, 1425627114, 1425627114, NULL),
('/user/role/bulk-delete', 3, NULL, NULL, NULL, 1425627114, 1425627114, NULL),
('/user/role/create', 3, NULL, NULL, NULL, 1425627114, 1425627114, NULL),
('/user/role/delete', 3, NULL, NULL, NULL, 1425627114, 1425627114, NULL),
('/user/role/grid-page-size', 3, NULL, NULL, NULL, 1425627114, 1425627114, NULL),
('/user/role/grid-sort', 3, NULL, NULL, NULL, 1425627114, 1425627114, NULL),
('/user/role/index', 3, NULL, NULL, NULL, 1425627114, 1425627114, NULL),
('/user/role/set-child-permissions', 3, NULL, NULL, NULL, 1425627114, 1425627114, NULL),
('/user/role/set-child-roles', 3, NULL, NULL, NULL, 1425627114, 1425627114, NULL),
('/user/role/toggle-attribute', 3, NULL, NULL, NULL, 1425627114, 1425627114, NULL),
('/user/role/update', 3, NULL, NULL, NULL, 1425627114, 1425627114, NULL),
('/user/role/view', 3, NULL, NULL, NULL, 1425627114, 1425627114, NULL),
('/user/user-permission/*', 3, NULL, NULL, NULL, 1425627113, 1425627113, NULL),
('/user/user-permission/set', 3, NULL, NULL, NULL, 1425627113, 1425627113, NULL),
('/user/user-permission/set-roles', 3, NULL, NULL, NULL, 1425627113, 1425627113, NULL),
('/user/user-visit-log/*', 3, NULL, NULL, NULL, 1425627113, 1425627113, NULL),
('/user/user-visit-log/bulk-activate', 3, NULL, NULL, NULL, 1425627113, 1425627113, NULL),
('/user/user-visit-log/bulk-deactivate', 3, NULL, NULL, NULL, 1425627113, 1425627113, NULL),
('/user/user-visit-log/bulk-delete', 3, NULL, NULL, NULL, 1425627113, 1425627113, NULL),
('/user/user-visit-log/create', 3, NULL, NULL, NULL, 1425627113, 1425627113, NULL),
('/user/user-visit-log/delete', 3, NULL, NULL, NULL, 1425627113, 1425627113, NULL),
('/user/user-visit-log/grid-page-size', 3, NULL, NULL, NULL, 1425627113, 1425627113, NULL),
('/user/user-visit-log/grid-sort', 3, NULL, NULL, NULL, 1425627113, 1425627113, NULL),
('/user/user-visit-log/index', 3, NULL, NULL, NULL, 1425627113, 1425627113, NULL),
('/user/user-visit-log/toggle-attribute', 3, NULL, NULL, NULL, 1425627113, 1425627113, NULL),
('/user/user-visit-log/update', 3, NULL, NULL, NULL, 1425627113, 1425627113, NULL),
('/user/user-visit-log/view', 3, NULL, NULL, NULL, 1425627113, 1425627113, NULL),
('/user/user/*', 3, NULL, NULL, NULL, 1425627113, 1425627113, NULL),
('/user/user/bulk-activate', 3, NULL, NULL, NULL, 1425627113, 1425627113, NULL),
('/user/user/bulk-deactivate', 3, NULL, NULL, NULL, 1425627113, 1425627113, NULL),
('/user/user/bulk-delete', 3, NULL, NULL, NULL, 1425627113, 1425627113, NULL),
('/user/user/change-password', 3, NULL, NULL, NULL, 1425627113, 1425627113, NULL),
('/user/user/create', 3, NULL, NULL, NULL, 1425627114, 1425627114, NULL),
('/user/user/delete', 3, NULL, NULL, NULL, 1425627113, 1425627113, NULL),
('/user/user/grid-page-size', 3, NULL, NULL, NULL, 1425627113, 1425627113, NULL),
('/user/user/grid-sort', 3, NULL, NULL, NULL, 1425627113, 1425627113, NULL),
('/user/user/index', 3, NULL, NULL, NULL, 1425627114, 1425627114, NULL),
('/user/user/toggle-attribute', 3, NULL, NULL, NULL, 1425627113, 1425627113, NULL),
('/user/user/update', 3, NULL, NULL, NULL, 1425627113, 1425627113, NULL),
('/user/user/view', 3, NULL, NULL, NULL, 1425627113, 1425627113, NULL),
('Admin', 1, 'Admin', NULL, NULL, 1423819706, 1423819706, NULL),
('assignRolesToUsers', 2, 'Assign roles to users', NULL, NULL, 1423819706, 1423819706, 'userManagement'),
('bindUserToIp', 2, 'Bind user to IP', NULL, NULL, 1423819706, 1423819706, 'userManagement'),
('changeOwnPassword', 2, 'Change own password', NULL, NULL, 1423819706, 1423819706, 'userCommonPermissions'),
('changeUserPassword', 2, 'Change user password', NULL, NULL, 1423819706, 1423819706, 'userManagement'),
('commonPermission', 2, 'Common permission', NULL, NULL, 1423819704, 1423819704, NULL),
('createUsers', 2, 'Create users', NULL, NULL, 1423819706, 1423819706, 'userManagement'),
('deleteUsers', 2, 'Delete users', NULL, NULL, 1423819706, 1423819706, 'userManagement'),
('editUserEmail', 2, 'Edit user email', NULL, NULL, 1423819706, 1423819706, 'userManagement'),
('editUsers', 2, 'Edit users', NULL, NULL, 1423819706, 1423819706, 'userManagement'),
('Enterprise', 1, 'Enterprise', NULL, NULL, 1424096459, 1424097849, NULL),
('User', 1, 'User', NULL, NULL, 1424183723, 1424183723, NULL),
('viewIndex', 2, '', NULL, NULL, 1424098145, 1427277749, 'userManagement'),
('viewRegistrationIp', 2, 'View registration IP', NULL, NULL, 1423819706, 1423819706, 'userManagement'),
('viewUserEmail', 2, 'View user email', NULL, NULL, 1423819706, 1423819706, 'userManagement'),
('viewUserRoles', 2, 'View user roles', NULL, NULL, 1423819706, 1423819706, 'userManagement'),
('viewUsers', 2, 'View users', NULL, NULL, 1423819706, 1423819706, 'userManagement'),
('viewVisitLog', 2, 'View visit log', NULL, NULL, 1423819706, 1423819706, 'userManagement');

INSERT INTO `auth_item_child` (`parent`, `child`) VALUES
('Admin', '/media/'),
('/media/', '/media/*'),
('/media/', '/media/create'),
('/media/', '/media/delete'),
('/media/', '/media/index'),
('/media/', '/media/quickload'),
('/media/', '/media/update'),
('/media/', '/media/view'),
('/media/', '/media/viewitem'),
('Admin', '/news/'),
('/news/', '/news/*'),
('/news/', '/news/create'),
('/news/', '/news/delete'),
('/news/', '/news/index'),
('/news/', '/news/update'),
('/news/', '/news/view'),
('viewIndex', '/site/*'),
('viewIndex', '/site/error'),
('viewIndex', '/site/index'),
('commonPermission', '/user-management/auth/*'),
('changeOwnPassword', '/user-management/auth/change-own-password'),
('commonPermission', '/user-management/auth/change-own-password'),
('commonPermission', '/user-management/auth/confirm-email'),
('commonPermission', '/user-management/auth/confirm-email-receive'),
('commonPermission', '/user-management/auth/login'),
('commonPermission', '/user-management/auth/logout'),
('commonPermission', '/user-management/auth/password-recovery'),
('commonPermission', '/user-management/auth/password-recovery-receive'),
('commonPermission', '/user-management/auth/registration'),
('assignRolesToUsers', '/user-management/user-permission/set'),
('assignRolesToUsers', '/user-management/user-permission/set-roles'),
('viewVisitLog', '/user-management/user-visit-log/grid-page-size'),
('viewVisitLog', '/user-management/user-visit-log/index'),
('viewVisitLog', '/user-management/user-visit-log/view'),
('editUsers', '/user-management/user/bulk-activate'),
('editUsers', '/user-management/user/bulk-deactivate'),
('deleteUsers', '/user-management/user/bulk-delete'),
('changeUserPassword', '/user-management/user/change-password'),
('createUsers', '/user-management/user/create'),
('deleteUsers', '/user-management/user/delete'),
('viewUsers', '/user-management/user/grid-page-size'),
('viewUsers', '/user-management/user/index'),
('editUsers', '/user-management/user/update'),
('viewUsers', '/user-management/user/view'),
('Admin', 'assignRolesToUsers'),
('Admin', 'bindUserToIp'),
('Admin', 'changeOwnPassword'),
('Enterprise', 'changeOwnPassword'),
('Admin', 'changeUserPassword'),
('Admin', 'createUsers'),
('Admin', 'deleteUsers'),
('Admin', 'editUserEmail'),
('Admin', 'editUsers'),
('Admin', 'viewIndex'),
('User', 'viewIndex'),
('Admin', 'viewRegistrationIp'),
('Admin', 'viewUserEmail'),
('editUserEmail', 'viewUserEmail'),
('assignRolesToUsers', 'viewUserRoles'),
('Admin', 'viewUsers'),
('assignRolesToUsers', 'viewUsers'),
('changeUserPassword', 'viewUsers'),
('createUsers', 'viewUsers'),
('deleteUsers', 'viewUsers'),
('editUsers', 'viewUsers'),
('Admin', 'viewVisitLog');

INSERT INTO `auth_item_group` (`code`, `name`, `created_at`, `updated_at`) VALUES
('userCommonPermissions', 'User common permission', 1423819706, 1423819706),
('userManagement', 'User management', 1423819706, 1423819706);


INSERT INTO `user` (`id`, `username`, `auth_key`, `password_hash`, `confirmation_token`, `status`, `superadmin`, `created_at`, `updated_at`, `registration_ip`, `bind_to_ip`, `email`, `email_confirmed`) VALUES
(1, 'superadmin', '', '$2y$13$HzxX8OlTzxlJE9SePfAe1.oKHgaheUHkX1JhQmXHvZDu.nEnUgTh.', NULL, 1, 1, 1423819704, 1423840087, NULL, '', 'wmstr2007@yandex.ru', 1),
(24, 'avgarkin', '-hVqK_AtNod5r8w5XdP2JmeWB-bifBzK', '$2y$13$nnlzuHsCmBGv6hccSwkHyuHkowZEfu41ETyOm3VTZBC3gnOdxMn5y', NULL, 1, 0, 1424184008, 1425308661, '127.0.0.1', '', '', 0),
(25, 'moder', 'y0fZx5-DTnlUyKj49ltZLrHRis6CGSeE', '$2y$13$OfQ4QJryHZFDneOFyimczeWwap2Im6GN3mRRAg1Eqtc.Oku8nPyA.', NULL, 1, 0, 1424184410, 1425364357, '127.0.0.1', '', '', 0);

-- Индексы Yii2
ALTER TABLE `auth_assignment`
  ADD CONSTRAINT `auth_assignment_ibfk_1` FOREIGN KEY (`item_name`) REFERENCES `auth_item` (`name`) ON DELETE CASCADE ON UPDATE CASCADE,
  ADD CONSTRAINT `auth_assignment_ibfk_2` FOREIGN KEY (`user_id`) REFERENCES `user` (`id`) ON DELETE CASCADE ON UPDATE CASCADE;

ALTER TABLE `auth_item`
  ADD CONSTRAINT `auth_item_ibfk_1` FOREIGN KEY (`rule_name`) REFERENCES `auth_rule` (`name`) ON DELETE SET NULL ON UPDATE CASCADE,
  ADD CONSTRAINT `fk_auth_item_group_code` FOREIGN KEY (`group_code`) REFERENCES `auth_item_group` (`code`) ON DELETE SET NULL ON UPDATE CASCADE;

ALTER TABLE `auth_item_child`
  ADD CONSTRAINT `auth_item_child_ibfk_1` FOREIGN KEY (`parent`) REFERENCES `auth_item` (`name`) ON DELETE CASCADE ON UPDATE CASCADE,
  ADD CONSTRAINT `auth_item_child_ibfk_2` FOREIGN KEY (`child`) REFERENCES `auth_item` (`name`) ON DELETE CASCADE ON UPDATE CASCADE;

ALTER TABLE `user_visit_log`
  ADD CONSTRAINT `user_visit_log_ibfk_1` FOREIGN KEY (`user_id`) REFERENCES `user` (`id`) ON DELETE SET NULL ON UPDATE CASCADE;
